seed,target_pdp,snr_db,method,ber,adaptation_blocks,adaptation_epochs,learning_rate,adaptation_optimizer,optimizer_momentum,particular_initialisation,shared_source,rho,sigma,iadmm_iterations
2026,6,0.0,algorithm1_particular_adaptation,0.3636188507080078,2048,20,0.01,SGD,0.0,historical_mean,Algorithm1_iADMM_PDP0_to_PDP5,1200.0,20.0,5000
2026,6,2.0,algorithm1_particular_adaptation,0.31714916229248047,2048,20,0.01,SGD,0.0,historical_mean,Algorithm1_iADMM_PDP0_to_PDP5,1200.0,20.0,5000
2026,6,4.0,algorithm1_particular_adaptation,0.27199649810791016,2048,20,0.01,SGD,0.0,historical_mean,Algorithm1_iADMM_PDP0_to_PDP5,1200.0,20.0,5000
2026,6,6.0,algorithm1_particular_adaptation,0.2250499725341797,2048,20,0.01,SGD,0.0,historical_mean,Algorithm1_iADMM_PDP0_to_PDP5,1200.0,20.0,5000
2026,6,8.0,algorithm1_particular_adaptation,0.17976856231689453,2048,20,0.01,SGD,0.0,historical_mean,Algorithm1_iADMM_PDP0_to_PDP5,1200.0,20.0,5000
2026,6,10.0,algorithm1_particular_adaptation,0.14287471771240234,2048,20,0.01,SGD,0.0,historical_mean,Algorithm1_iADMM_PDP0_to_PDP5,1200.0,20.0,5000
2026,6,12.0,algorithm1_particular_adaptation,0.11520099639892578,2048,20,0.01,SGD,0.0,historical_mean,Algorithm1_iADMM_PDP0_to_PDP5,1200.0,20.0,5000
2026,6,14.0,algorithm1_particular_adaptation,0.0950307846069336,2048,20,0.01,SGD,0.0,historical_mean,Algorithm1_iADMM_PDP0_to_PDP5,1200.0,20.0,5000
2026,6,16.0,algorithm1_particular_adaptation,0.08070182800292969,2048,20,0.01,SGD,0.0,historical_mean,Algorithm1_iADMM_PDP0_to_PDP5,1200.0,20.0,5000
2026,6,18.0,algorithm1_particular_adaptation,0.07255363464355469,2048,20,0.01,SGD,0.0,historical_mean,Algorithm1_iADMM_PDP0_to_PDP5,1200.0,20.0,5000
2026,6,20.0,algorithm1_particular_adaptation,0.06681156158447266,2048,20,0.01,SGD,0.0,historical_mean,Algorithm1_iADMM_PDP0_to_PDP5,1200.0,20.0,5000
2026,7,0.0,algorithm1_particular_adaptation,0.36350250244140625,2048,20,0.01,SGD,0.0,historical_mean,Algorithm1_iADMM_PDP0_to_PDP5,1200.0,20.0,5000
2026,7,2.0,algorithm1_particular_adaptation,0.3187265396118164,2048,20,0.01,SGD,0.0,historical_mean,Algorithm1_iADMM_PDP0_to_PDP5,1200.0,20.0,5000
2026,7,4.0,algorithm1_particular_adaptation,0.2698373794555664,2048,20,0.01,SGD,0.0,historical_mean,Algorithm1_iADMM_PDP0_to_PDP5,1200.0,20.0,5000
2026,7,6.0,algorithm1_particular_adaptation,0.22396373748779297,2048,20,0.01,SGD,0.0,historical_mean,Algorithm1_iADMM_PDP0_to_PDP5,1200.0,20.0,5000
2026,7,8.0,algorithm1_particular_adaptation,0.1793966293334961,2048,20,0.01,SGD,0.0,historical_mean,Algorithm1_iADMM_PDP0_to_PDP5,1200.0,20.0,5000
2026,7,10.0,algorithm1_particular_adaptation,0.1442117691040039,2048,20,0.01,SGD,0.0,historical_mean,Algorithm1_iADMM_PDP0_to_PDP5,1200.0,20.0,5000
2026,7,12.0,algorithm1_particular_adaptation,0.11723804473876953,2048,20,0.01,SGD,0.0,historical_mean,Algorithm1_iADMM_PDP0_to_PDP5,1200.0,20.0,5000
2026,7,14.0,algorithm1_particular_adaptation,0.09727191925048828,2048,20,0.01,SGD,0.0,historical_mean,Algorithm1_iADMM_PDP0_to_PDP5,1200.0,20.0,5000
2026,7,16.0,algorithm1_particular_adaptation,0.08359718322753906,2048,20,0.01,SGD,0.0,historical_mean,Algorithm1_iADMM_PDP0_to_PDP5,1200.0,20.0,5000
2026,7,18.0,algorithm1_particular_adaptation,0.07473087310791016,2048,20,0.01,SGD,0.0,historical_mean,Algorithm1_iADMM_PDP0_to_PDP5,1200.0,20.0,5000
2026,7,20.0,algorithm1_particular_adaptation,0.07001399993896484,2048,20,0.01,SGD,0.0,historical_mean,Algorithm1_iADMM_PDP0_to_PDP5,1200.0,20.0,5000
2027,6,0.0,algorithm1_particular_adaptation,0.36274051666259766,2048,20,0.01,SGD,0.0,historical_mean,Algorithm1_iADMM_PDP0_to_PDP5,1200.0,20.0,5000
2027,6,2.0,algorithm1_particular_adaptation,0.3196077346801758,2048,20,0.01,SGD,0.0,historical_mean,Algorithm1_iADMM_PDP0_to_PDP5,1200.0,20.0,5000
2027,6,4.0,algorithm1_particular_adaptation,0.27129364013671875,2048,20,0.01,SGD,0.0,historical_mean,Algorithm1_iADMM_PDP0_to_PDP5,1200.0,20.0,5000
2027,6,6.0,algorithm1_particular_adaptation,0.22225379943847656,2048,20,0.01,SGD,0.0,historical_mean,Algorithm1_iADMM_PDP0_to_PDP5,1200.0,20.0,5000
2027,6,8.0,algorithm1_particular_adaptation,0.17807579040527344,2048,20,0.01,SGD,0.0,historical_mean,Algorithm1_iADMM_PDP0_to_PDP5,1200.0,20.0,5000
2027,6,10.0,algorithm1_particular_adaptation,0.14217472076416016,2048,20,0.01,SGD,0.0,historical_mean,Algorithm1_iADMM_PDP0_to_PDP5,1200.0,20.0,5000
2027,6,12.0,algorithm1_particular_adaptation,0.11477947235107422,2048,20,0.01,SGD,0.0,historical_mean,Algorithm1_iADMM_PDP0_to_PDP5,1200.0,20.0,5000
2027,6,14.0,algorithm1_particular_adaptation,0.09348106384277344,2048,20,0.01,SGD,0.0,historical_mean,Algorithm1_iADMM_PDP0_to_PDP5,1200.0,20.0,5000
2027,6,16.0,algorithm1_particular_adaptation,0.08039665222167969,2048,20,0.01,SGD,0.0,historical_mean,Algorithm1_iADMM_PDP0_to_PDP5,1200.0,20.0,5000
2027,6,18.0,algorithm1_particular_adaptation,0.0717782974243164,2048,20,0.01,SGD,0.0,historical_mean,Algorithm1_iADMM_PDP0_to_PDP5,1200.0,20.0,5000
2027,6,20.0,algorithm1_particular_adaptation,0.06778621673583984,2048,20,0.01,SGD,0.0,historical_mean,Algorithm1_iADMM_PDP0_to_PDP5,1200.0,20.0,5000
2027,7,0.0,algorithm1_particular_adaptation,0.3618488311767578,2048,20,0.01,SGD,0.0,historical_mean,Algorithm1_iADMM_PDP0_to_PDP5,1200.0,20.0,5000
2027,7,2.0,algorithm1_particular_adaptation,0.3160848617553711,2048,20,0.01,SGD,0.0,historical_mean,Algorithm1_iADMM_PDP0_to_PDP5,1200.0,20.0,5000
2027,7,4.0,algorithm1_particular_adaptation,0.26843738555908203,2048,20,0.01,SGD,0.0,historical_mean,Algorithm1_iADMM_PDP0_to_PDP5,1200.0,20.0,5000
2027,7,6.0,algorithm1_particular_adaptation,0.22130298614501953,2048,20,0.01,SGD,0.0,historical_mean,Algorithm1_iADMM_PDP0_to_PDP5,1200.0,20.0,5000
2027,7,8.0,algorithm1_particular_adaptation,0.1772298812866211,2048,20,0.01,SGD,0.0,historical_mean,Algorithm1_iADMM_PDP0_to_PDP5,1200.0,20.0,5000
2027,7,10.0,algorithm1_particular_adaptation,0.14166641235351562,2048,20,0.01,SGD,0.0,historical_mean,Algorithm1_iADMM_PDP0_to_PDP5,1200.0,20.0,5000
2027,7,12.0,algorithm1_particular_adaptation,0.11366748809814453,2048,20,0.01,SGD,0.0,historical_mean,Algorithm1_iADMM_PDP0_to_PDP5,1200.0,20.0,5000
2027,7,14.0,algorithm1_particular_adaptation,0.09497451782226562,2048,20,0.01,SGD,0.0,historical_mean,Algorithm1_iADMM_PDP0_to_PDP5,1200.0,20.0,5000
2027,7,16.0,algorithm1_particular_adaptation,0.08174514770507812,2048,20,0.01,SGD,0.0,historical_mean,Algorithm1_iADMM_PDP0_to_PDP5,1200.0,20.0,5000
2027,7,18.0,algorithm1_particular_adaptation,0.07338237762451172,2048,20,0.01,SGD,0.0,historical_mean,Algorithm1_iADMM_PDP0_to_PDP5,1200.0,20.0,5000
2027,7,20.0,algorithm1_particular_adaptation,0.06761741638183594,2048,20,0.01,SGD,0.0,historical_mean,Algorithm1_iADMM_PDP0_to_PDP5,1200.0,20.0,5000
2028,6,0.0,algorithm1_particular_adaptation,0.36356544494628906,2048,20,0.01,SGD,0.0,historical_mean,Algorithm1_iADMM_PDP0_to_PDP5,1200.0,20.0,5000
2028,6,2.0,algorithm1_particular_adaptation,0.3190116882324219,2048,20,0.01,SGD,0.0,historical_mean,Algorithm1_iADMM_PDP0_to_PDP5,1200.0,20.0,5000
2028,6,4.0,algorithm1_particular_adaptation,0.27208900451660156,2048,20,0.01,SGD,0.0,historical_mean,Algorithm1_iADMM_PDP0_to_PDP5,1200.0,20.0,5000
2028,6,6.0,algorithm1_particular_adaptation,0.2228870391845703,2048,20,0.01,SGD,0.0,historical_mean,Algorithm1_iADMM_PDP0_to_PDP5,1200.0,20.0,5000
2028,6,8.0,algorithm1_particular_adaptation,0.1791973114013672,2048,20,0.01,SGD,0.0,historical_mean,Algorithm1_iADMM_PDP0_to_PDP5,1200.0,20.0,5000
2028,6,10.0,algorithm1_particular_adaptation,0.1434793472290039,2048,20,0.01,SGD,0.0,historical_mean,Algorithm1_iADMM_PDP0_to_PDP5,1200.0,20.0,5000
2028,6,12.0,algorithm1_particular_adaptation,0.11438751220703125,2048,20,0.01,SGD,0.0,historical_mean,Algorithm1_iADMM_PDP0_to_PDP5,1200.0,20.0,5000
2028,6,14.0,algorithm1_particular_adaptation,0.0936126708984375,2048,20,0.01,SGD,0.0,historical_mean,Algorithm1_iADMM_PDP0_to_PDP5,1200.0,20.0,5000
2028,6,16.0,algorithm1_particular_adaptation,0.08001136779785156,2048,20,0.01,SGD,0.0,historical_mean,Algorithm1_iADMM_PDP0_to_PDP5,1200.0,20.0,5000
2028,6,18.0,algorithm1_particular_adaptation,0.07208633422851562,2048,20,0.01,SGD,0.0,historical_mean,Algorithm1_iADMM_PDP0_to_PDP5,1200.0,20.0,5000
2028,6,20.0,algorithm1_particular_adaptation,0.06682586669921875,2048,20,0.01,SGD,0.0,historical_mean,Algorithm1_iADMM_PDP0_to_PDP5,1200.0,20.0,5000
2028,7,0.0,algorithm1_particular_adaptation,0.3624229431152344,2048,20,0.01,SGD,0.0,historical_mean,Algorithm1_iADMM_PDP0_to_PDP5,1200.0,20.0,5000
2028,7,2.0,algorithm1_particular_adaptation,0.31737804412841797,2048,20,0.01,SGD,0.0,historical_mean,Algorithm1_iADMM_PDP0_to_PDP5,1200.0,20.0,5000
2028,7,4.0,algorithm1_particular_adaptation,0.26946544647216797,2048,20,0.01,SGD,0.0,historical_mean,Algorithm1_iADMM_PDP0_to_PDP5,1200.0,20.0,5000
2028,7,6.0,algorithm1_particular_adaptation,0.22224140167236328,2048,20,0.01,SGD,0.0,historical_mean,Algorithm1_iADMM_PDP0_to_PDP5,1200.0,20.0,5000
2028,7,8.0,algorithm1_particular_adaptation,0.18009471893310547,2048,20,0.01,SGD,0.0,historical_mean,Algorithm1_iADMM_PDP0_to_PDP5,1200.0,20.0,5000
2028,7,10.0,algorithm1_particular_adaptation,0.14422035217285156,2048,20,0.01,SGD,0.0,historical_mean,Algorithm1_iADMM_PDP0_to_PDP5,1200.0,20.0,5000
2028,7,12.0,algorithm1_particular_adaptation,0.11542034149169922,2048,20,0.01,SGD,0.0,historical_mean,Algorithm1_iADMM_PDP0_to_PDP5,1200.0,20.0,5000
2028,7,14.0,algorithm1_particular_adaptation,0.0953378677368164,2048,20,0.01,SGD,0.0,historical_mean,Algorithm1_iADMM_PDP0_to_PDP5,1200.0,20.0,5000
2028,7,16.0,algorithm1_particular_adaptation,0.0816965103149414,2048,20,0.01,SGD,0.0,historical_mean,Algorithm1_iADMM_PDP0_to_PDP5,1200.0,20.0,5000
2028,7,18.0,algorithm1_particular_adaptation,0.07375240325927734,2048,20,0.01,SGD,0.0,historical_mean,Algorithm1_iADMM_PDP0_to_PDP5,1200.0,20.0,5000
2028,7,20.0,algorithm1_particular_adaptation,0.06803417205810547,2048,20,0.01,SGD,0.0,historical_mean,Algorithm1_iADMM_PDP0_to_PDP5,1200.0,20.0,5000
