target_pdp,snr_db,method,seed_count,mean_ber,std_ber,min_ber,max_ber
6,0.0,algorithm1_particular_adaptation,3,0.36330827077229816,0.000402054383268052,0.3627405166625976,0.3636188507080078
6,2.0,algorithm1_particular_adaptation,3,0.3185895284016927,0.0010471576571511718,0.3171491622924804,0.3196077346801758
6,4.0,algorithm1_particular_adaptation,3,0.27179304758707673,0.00035514805365003164,0.2712936401367187,0.2720890045166015
6,6.0,algorithm1_particular_adaptation,3,0.22339693705240884,0.0011971195629519164,0.2222537994384765,0.2250499725341797
6,8.0,algorithm1_particular_adaptation,3,0.17901388804117838,0.0007031369155390014,0.1780757904052734,0.1797685623168945
6,10.0,algorithm1_particular_adaptation,3,0.1428429285685221,0.0005330856500564663,0.1421747207641601,0.1434793472290039
6,12.0,algorithm1_particular_adaptation,3,0.11478932698567702,0.00033217662769770523,0.1143875122070312,0.1152009963989257
6,14.0,algorithm1_particular_adaptation,3,0.09404150644938149,0.0007015856132278264,0.0934810638427734,0.0950307846069336
6,16.0,algorithm1_particular_adaptation,3,0.08036994934082024,0.0002825108925142169,0.0800113677978515,0.0807018280029296
6,18.0,algorithm1_particular_adaptation,3,0.07213942209879554,0.0003187482730537794,0.0717782974243164,0.0725536346435546
6,20.0,algorithm1_particular_adaptation,3,0.06714121500651037,0.00045612248516193346,0.0668115615844726,0.0677862167358398
6,0.0,joint_no_adaptation,3,0.3919385274251302,0.0007219318074659681,0.3909873962402344,0.392735481262207
6,2.0,joint_no_adaptation,3,0.35848363240559894,0.0012414796657580066,0.3570785522460937,0.3600978851318359
6,4.0,joint_no_adaptation,3,0.3221092224121094,0.0010796570480923486,0.3209857940673828,0.3235664367675781
6,6.0,joint_no_adaptation,3,0.2835226058959961,0.0003053823407798969,0.2831068038940429,0.2838315963745117
6,8.0,joint_no_adaptation,3,0.24828402201334634,0.0008903339612932747,0.2471637725830078,0.2493419647216797
6,10.0,joint_no_adaptation,3,0.21685218811035148,0.0005711391915003595,0.2163171768188476,0.2176437377929687
6,12.0,joint_no_adaptation,3,0.194066047668457,0.0004036878335960529,0.1935329437255859,0.1945095062255859
6,14.0,joint_no_adaptation,3,0.1746206283569336,0.00037279843443650986,0.1741046905517578,0.1749725341796875
6,16.0,joint_no_adaptation,3,0.16276836395263666,0.0007197821760139428,0.1619997024536132,0.1637306213378906
6,18.0,joint_no_adaptation,3,0.15392812093098954,0.0003670133413947214,0.1534948348999023,0.1543922424316406
6,20.0,joint_no_adaptation,3,0.15127754211425778,0.0003565322199022374,0.1509218215942382,0.1517648696899414
6,0.0,joint_particular_adaptation,3,0.3898375829060872,8.457585219478217e-05,0.3897409439086914,0.3899469375610351
6,2.0,joint_particular_adaptation,3,0.35442161560058594,0.0015576727860567145,0.3522710800170898,0.3559103012084961
6,4.0,joint_particular_adaptation,3,0.3177512486775716,0.001016366990345736,0.3169775009155273,0.3191871643066406
6,6.0,joint_particular_adaptation,3,0.27887948354085285,0.0010421411334301351,0.2779684066772461,0.2803382873535156
6,8.0,joint_particular_adaptation,3,0.24278259277343747,0.00021676886446674826,0.2425031661987304,0.2430315017700195
6,10.0,joint_particular_adaptation,3,0.21168740590413407,0.0006949541648950587,0.2111454010009765,0.2126684188842773
6,12.0,joint_particular_adaptation,3,0.18867778778076172,0.0001526256355649692,0.1885395050048828,0.1888904571533203
6,14.0,joint_particular_adaptation,3,0.1697206497192382,0.0006036409385035875,0.1689023971557617,0.1703405380249023
6,16.0,joint_particular_adaptation,3,0.15744781494140622,0.0005645386795744192,0.1567554473876953,0.1581382751464843
6,18.0,joint_particular_adaptation,3,0.14930248260498044,0.0003729252742404408,0.1490354537963867,0.1498298645019531
6,20.0,joint_particular_adaptation,3,0.14666239420572913,0.0004713591519705633,0.1460742950439453,0.1472282409667968
7,0.0,algorithm1_particular_adaptation,3,0.3625914255777995,0.000685539650214798,0.3618488311767578,0.3635025024414062
7,2.0,algorithm1_particular_adaptation,3,0.31739648183186847,0.001078539270182832,0.3160848617553711,0.3187265396118164
7,4.0,algorithm1_particular_adaptation,3,0.2692467371622721,0.0005920985555489571,0.268437385559082,0.2698373794555664
7,6.0,algorithm1_particular_adaptation,3,0.2225027084350585,0.0011018500639652581,0.2213029861450195,0.2239637374877929
7,8.0,algorithm1_particular_adaptation,3,0.17890707651774088,0.0012197185890575628,0.1772298812866211,0.1800947189331054
7,10.0,algorithm1_particular_adaptation,3,0.14336617787679032,0.0012019208356772912,0.1416664123535156,0.1442203521728515
7,12.0,algorithm1_particular_adaptation,3,0.11544195810953774,0.0014577537834176946,0.1136674880981445,0.1172380447387695
7,14.0,algorithm1_particular_adaptation,3,0.0958614349365234,0.001008333704701831,0.0949745178222656,0.0972719192504882
7,16.0,algorithm1_particular_adaptation,3,0.08234628041585283,0.0008847447022138023,0.0816965103149414,0.083597183227539
7,18.0,algorithm1_particular_adaptation,3,0.07395521799723304,0.0005688938862011135,0.0733823776245117,0.0747308731079101
7,20.0,algorithm1_particular_adaptation,3,0.06855519612630202,0.001045467278718082,0.0676174163818359,0.0700139999389648
7,0.0,joint_no_adaptation,3,0.39425404866536456,0.0005993984488477797,0.3936109542846679,0.3950538635253906
7,2.0,joint_no_adaptation,3,0.36085669199625653,0.0008140045897534051,0.3597183227539062,0.3615741729736328
7,4.0,joint_no_adaptation,3,0.32323964436848956,0.0019469493117985222,0.3204975128173828,0.3248262405395508
7,6.0,joint_no_adaptation,3,0.28848107655843097,0.0006280220334357592,0.287663459777832,0.2891902923583984
7,8.0,joint_no_adaptation,3,0.2520987192789714,0.001931138816320064,0.2497415542602539,0.2544717788696289
7,10.0,joint_no_adaptation,3,0.22393894195556638,0.0018723249292227477,0.2213916778564453,0.2258386611938476
7,12.0,joint_no_adaptation,3,0.20047887166341147,0.0005108611361748771,0.1998796463012695,0.2011280059814453
7,14.0,joint_no_adaptation,3,0.18364016215006507,0.0006286888119459872,0.1827516555786132,0.184112548828125
7,16.0,joint_no_adaptation,3,0.1716823577880859,0.0007593643347163726,0.1709880828857422,0.172739028930664
7,18.0,joint_no_adaptation,3,0.1641467412312825,0.0010557728417559928,0.1629352569580078,0.1655082702636718
7,20.0,joint_no_adaptation,3,0.15837287902832028,0.00021081739592986455,0.1580772399902343,0.1585540771484375
7,0.0,joint_particular_adaptation,3,0.3919239044189453,0.00016649926378165547,0.3917417526245117,0.3921442031860351
7,2.0,joint_particular_adaptation,3,0.3584760030110677,0.00017848804588438584,0.3583183288574219,0.3587255477905273
7,4.0,joint_particular_adaptation,3,0.3211507797241211,0.00146840328625702,0.3191671371459961,0.3226747512817383
7,6.0,joint_particular_adaptation,3,0.2844155629475911,0.0007246319832924519,0.2834548950195312,0.2852048873901367
7,8.0,joint_particular_adaptation,3,0.2490234375,0.0015118829268663684,0.2471141815185547,0.2508115768432617
7,10.0,joint_particular_adaptation,3,0.21962642669677732,0.0014397614553540686,0.2175970077514648,0.2207841873168945
7,12.0,joint_particular_adaptation,3,0.19690354665120435,0.0006076496307867573,0.1962642669677734,0.1977205276489257
7,14.0,joint_particular_adaptation,3,0.1801818211873372,0.00047911818950884563,0.1795310974121093,0.1806707382202148
7,16.0,joint_particular_adaptation,3,0.16808350880940748,0.0008408113778093207,0.167205810546875,0.1692171096801757
7,18.0,joint_particular_adaptation,3,0.16086228688557938,0.001310842683989794,0.1594886779785156,0.1626272201538086
7,20.0,joint_particular_adaptation,3,0.15528329213460282,8.090821122416918e-05,0.1551761627197265,0.1553716659545898
