seed,target_pdp,snr_db,method,ber,shared_source,adaptation_blocks,adaptation_epochs,adaptation_optimizer,training_optimizer,learning_rate,optimizer_momentum,particular_initialisation,rho,sigma,iadmm_iterations
2026,6,0.0,joint_no_adaptation,0.3909873962402344,ordinary_joint_training_PDP0_to_PDP5,0,0,none,SGD,0.0,,,,,
2026,6,2.0,joint_no_adaptation,0.3570785522460937,ordinary_joint_training_PDP0_to_PDP5,0,0,none,SGD,0.0,,,,,
2026,6,4.0,joint_no_adaptation,0.3209857940673828,ordinary_joint_training_PDP0_to_PDP5,0,0,none,SGD,0.0,,,,,
2026,6,6.0,joint_no_adaptation,0.2836294174194336,ordinary_joint_training_PDP0_to_PDP5,0,0,none,SGD,0.0,,,,,
2026,6,8.0,joint_no_adaptation,0.2471637725830078,ordinary_joint_training_PDP0_to_PDP5,0,0,none,SGD,0.0,,,,,
2026,6,10.0,joint_no_adaptation,0.2165956497192382,ordinary_joint_training_PDP0_to_PDP5,0,0,none,SGD,0.0,,,,,
2026,6,12.0,joint_no_adaptation,0.1935329437255859,ordinary_joint_training_PDP0_to_PDP5,0,0,none,SGD,0.0,,,,,
2026,6,14.0,joint_no_adaptation,0.1749725341796875,ordinary_joint_training_PDP0_to_PDP5,0,0,none,SGD,0.0,,,,,
2026,6,16.0,joint_no_adaptation,0.1637306213378906,ordinary_joint_training_PDP0_to_PDP5,0,0,none,SGD,0.0,,,,,
2026,6,18.0,joint_no_adaptation,0.1534948348999023,ordinary_joint_training_PDP0_to_PDP5,0,0,none,SGD,0.0,,,,,
2026,6,20.0,joint_no_adaptation,0.1511459350585937,ordinary_joint_training_PDP0_to_PDP5,0,0,none,SGD,0.0,,,,,
2026,7,0.0,joint_no_adaptation,0.3936109542846679,ordinary_joint_training_PDP0_to_PDP5,0,0,none,SGD,0.0,,,,,
2026,7,2.0,joint_no_adaptation,0.3597183227539062,ordinary_joint_training_PDP0_to_PDP5,0,0,none,SGD,0.0,,,,,
2026,7,4.0,joint_no_adaptation,0.3204975128173828,ordinary_joint_training_PDP0_to_PDP5,0,0,none,SGD,0.0,,,,,
2026,7,6.0,joint_no_adaptation,0.287663459777832,ordinary_joint_training_PDP0_to_PDP5,0,0,none,SGD,0.0,,,,,
2026,7,8.0,joint_no_adaptation,0.2497415542602539,ordinary_joint_training_PDP0_to_PDP5,0,0,none,SGD,0.0,,,,,
2026,7,10.0,joint_no_adaptation,0.2213916778564453,ordinary_joint_training_PDP0_to_PDP5,0,0,none,SGD,0.0,,,,,
2026,7,12.0,joint_no_adaptation,0.2004289627075195,ordinary_joint_training_PDP0_to_PDP5,0,0,none,SGD,0.0,,,,,
2026,7,14.0,joint_no_adaptation,0.184112548828125,ordinary_joint_training_PDP0_to_PDP5,0,0,none,SGD,0.0,,,,,
2026,7,16.0,joint_no_adaptation,0.1709880828857422,ordinary_joint_training_PDP0_to_PDP5,0,0,none,SGD,0.0,,,,,
2026,7,18.0,joint_no_adaptation,0.1629352569580078,ordinary_joint_training_PDP0_to_PDP5,0,0,none,SGD,0.0,,,,,
2026,7,20.0,joint_no_adaptation,0.158487319946289,ordinary_joint_training_PDP0_to_PDP5,0,0,none,SGD,0.0,,,,,
2027,6,0.0,joint_no_adaptation,0.3920927047729492,ordinary_joint_training_PDP0_to_PDP5,0,0,none,SGD,0.0,,,,,
2027,6,2.0,joint_no_adaptation,0.3582744598388672,ordinary_joint_training_PDP0_to_PDP5,0,0,none,SGD,0.0,,,,,
2027,6,4.0,joint_no_adaptation,0.3217754364013672,ordinary_joint_training_PDP0_to_PDP5,0,0,none,SGD,0.0,,,,,
2027,6,6.0,joint_no_adaptation,0.2831068038940429,ordinary_joint_training_PDP0_to_PDP5,0,0,none,SGD,0.0,,,,,
2027,6,8.0,joint_no_adaptation,0.2483463287353515,ordinary_joint_training_PDP0_to_PDP5,0,0,none,SGD,0.0,,,,,
2027,6,10.0,joint_no_adaptation,0.2163171768188476,ordinary_joint_training_PDP0_to_PDP5,0,0,none,SGD,0.0,,,,,
2027,6,12.0,joint_no_adaptation,0.1941556930541992,ordinary_joint_training_PDP0_to_PDP5,0,0,none,SGD,0.0,,,,,
2027,6,14.0,joint_no_adaptation,0.1747846603393554,ordinary_joint_training_PDP0_to_PDP5,0,0,none,SGD,0.0,,,,,
2027,6,16.0,joint_no_adaptation,0.1619997024536132,ordinary_joint_training_PDP0_to_PDP5,0,0,none,SGD,0.0,,,,,
2027,6,18.0,joint_no_adaptation,0.1538972854614257,ordinary_joint_training_PDP0_to_PDP5,0,0,none,SGD,0.0,,,,,
2027,6,20.0,joint_no_adaptation,0.1517648696899414,ordinary_joint_training_PDP0_to_PDP5,0,0,none,SGD,0.0,,,,,
2027,7,0.0,joint_no_adaptation,0.3940973281860351,ordinary_joint_training_PDP0_to_PDP5,0,0,none,SGD,0.0,,,,,
2027,7,2.0,joint_no_adaptation,0.3615741729736328,ordinary_joint_training_PDP0_to_PDP5,0,0,none,SGD,0.0,,,,,
2027,7,4.0,joint_no_adaptation,0.3243951797485351,ordinary_joint_training_PDP0_to_PDP5,0,0,none,SGD,0.0,,,,,
2027,7,6.0,joint_no_adaptation,0.2885894775390625,ordinary_joint_training_PDP0_to_PDP5,0,0,none,SGD,0.0,,,,,
2027,7,8.0,joint_no_adaptation,0.2520828247070312,ordinary_joint_training_PDP0_to_PDP5,0,0,none,SGD,0.0,,,,,
2027,7,10.0,joint_no_adaptation,0.2245864868164062,ordinary_joint_training_PDP0_to_PDP5,0,0,none,SGD,0.0,,,,,
2027,7,12.0,joint_no_adaptation,0.1998796463012695,ordinary_joint_training_PDP0_to_PDP5,0,0,none,SGD,0.0,,,,,
2027,7,14.0,joint_no_adaptation,0.184056282043457,ordinary_joint_training_PDP0_to_PDP5,0,0,none,SGD,0.0,,,,,
2027,7,16.0,joint_no_adaptation,0.172739028930664,ordinary_joint_training_PDP0_to_PDP5,0,0,none,SGD,0.0,,,,,
2027,7,18.0,joint_no_adaptation,0.1639966964721679,ordinary_joint_training_PDP0_to_PDP5,0,0,none,SGD,0.0,,,,,
2027,7,20.0,joint_no_adaptation,0.1585540771484375,ordinary_joint_training_PDP0_to_PDP5,0,0,none,SGD,0.0,,,,,
2028,6,0.0,joint_no_adaptation,0.392735481262207,ordinary_joint_training_PDP0_to_PDP5,0,0,none,SGD,0.0,,,,,
2028,6,2.0,joint_no_adaptation,0.3600978851318359,ordinary_joint_training_PDP0_to_PDP5,0,0,none,SGD,0.0,,,,,
2028,6,4.0,joint_no_adaptation,0.3235664367675781,ordinary_joint_training_PDP0_to_PDP5,0,0,none,SGD,0.0,,,,,
2028,6,6.0,joint_no_adaptation,0.2838315963745117,ordinary_joint_training_PDP0_to_PDP5,0,0,none,SGD,0.0,,,,,
2028,6,8.0,joint_no_adaptation,0.2493419647216797,ordinary_joint_training_PDP0_to_PDP5,0,0,none,SGD,0.0,,,,,
2028,6,10.0,joint_no_adaptation,0.2176437377929687,ordinary_joint_training_PDP0_to_PDP5,0,0,none,SGD,0.0,,,,,
2028,6,12.0,joint_no_adaptation,0.1945095062255859,ordinary_joint_training_PDP0_to_PDP5,0,0,none,SGD,0.0,,,,,
2028,6,14.0,joint_no_adaptation,0.1741046905517578,ordinary_joint_training_PDP0_to_PDP5,0,0,none,SGD,0.0,,,,,
2028,6,16.0,joint_no_adaptation,0.1625747680664062,ordinary_joint_training_PDP0_to_PDP5,0,0,none,SGD,0.0,,,,,
2028,6,18.0,joint_no_adaptation,0.1543922424316406,ordinary_joint_training_PDP0_to_PDP5,0,0,none,SGD,0.0,,,,,
2028,6,20.0,joint_no_adaptation,0.1509218215942382,ordinary_joint_training_PDP0_to_PDP5,0,0,none,SGD,0.0,,,,,
2028,7,0.0,joint_no_adaptation,0.3950538635253906,ordinary_joint_training_PDP0_to_PDP5,0,0,none,SGD,0.0,,,,,
2028,7,2.0,joint_no_adaptation,0.3612775802612304,ordinary_joint_training_PDP0_to_PDP5,0,0,none,SGD,0.0,,,,,
2028,7,4.0,joint_no_adaptation,0.3248262405395508,ordinary_joint_training_PDP0_to_PDP5,0,0,none,SGD,0.0,,,,,
2028,7,6.0,joint_no_adaptation,0.2891902923583984,ordinary_joint_training_PDP0_to_PDP5,0,0,none,SGD,0.0,,,,,
2028,7,8.0,joint_no_adaptation,0.2544717788696289,ordinary_joint_training_PDP0_to_PDP5,0,0,none,SGD,0.0,,,,,
2028,7,10.0,joint_no_adaptation,0.2258386611938476,ordinary_joint_training_PDP0_to_PDP5,0,0,none,SGD,0.0,,,,,
2028,7,12.0,joint_no_adaptation,0.2011280059814453,ordinary_joint_training_PDP0_to_PDP5,0,0,none,SGD,0.0,,,,,
2028,7,14.0,joint_no_adaptation,0.1827516555786132,ordinary_joint_training_PDP0_to_PDP5,0,0,none,SGD,0.0,,,,,
2028,7,16.0,joint_no_adaptation,0.1713199615478515,ordinary_joint_training_PDP0_to_PDP5,0,0,none,SGD,0.0,,,,,
2028,7,18.0,joint_no_adaptation,0.1655082702636718,ordinary_joint_training_PDP0_to_PDP5,0,0,none,SGD,0.0,,,,,
2028,7,20.0,joint_no_adaptation,0.1580772399902343,ordinary_joint_training_PDP0_to_PDP5,0,0,none,SGD,0.0,,,,,
2026,6,0.0,joint_particular_adaptation,0.3897409439086914,ordinary_joint_training_PDP0_to_PDP5,2048,20,SGD,,0.01,0.0,,,,
2026,6,2.0,joint_particular_adaptation,0.3522710800170898,ordinary_joint_training_PDP0_to_PDP5,2048,20,SGD,,0.01,0.0,,,,
2026,6,4.0,joint_particular_adaptation,0.3169775009155273,ordinary_joint_training_PDP0_to_PDP5,2048,20,SGD,,0.01,0.0,,,,
2026,6,6.0,joint_particular_adaptation,0.2803382873535156,ordinary_joint_training_PDP0_to_PDP5,2048,20,SGD,,0.01,0.0,,,,
2026,6,8.0,joint_particular_adaptation,0.2425031661987304,ordinary_joint_training_PDP0_to_PDP5,2048,20,SGD,,0.01,0.0,,,,
2026,6,10.0,joint_particular_adaptation,0.2112483978271484,ordinary_joint_training_PDP0_to_PDP5,2048,20,SGD,,0.01,0.0,,,,
2026,6,12.0,joint_particular_adaptation,0.1888904571533203,ordinary_joint_training_PDP0_to_PDP5,2048,20,SGD,,0.01,0.0,,,,
2026,6,14.0,joint_particular_adaptation,0.1703405380249023,ordinary_joint_training_PDP0_to_PDP5,2048,20,SGD,,0.01,0.0,,,,
2026,6,16.0,joint_particular_adaptation,0.1581382751464843,ordinary_joint_training_PDP0_to_PDP5,2048,20,SGD,,0.01,0.0,,,,
2026,6,18.0,joint_particular_adaptation,0.1490354537963867,ordinary_joint_training_PDP0_to_PDP5,2048,20,SGD,,0.01,0.0,,,,
2026,6,20.0,joint_particular_adaptation,0.1460742950439453,ordinary_joint_training_PDP0_to_PDP5,2048,20,SGD,,0.01,0.0,,,,
2026,7,0.0,joint_particular_adaptation,0.3917417526245117,ordinary_joint_training_PDP0_to_PDP5,2048,20,SGD,,0.01,0.0,,,,
2026,7,2.0,joint_particular_adaptation,0.3587255477905273,ordinary_joint_training_PDP0_to_PDP5,2048,20,SGD,,0.01,0.0,,,,
2026,7,4.0,joint_particular_adaptation,0.3191671371459961,ordinary_joint_training_PDP0_to_PDP5,2048,20,SGD,,0.01,0.0,,,,
2026,7,6.0,joint_particular_adaptation,0.2845869064331054,ordinary_joint_training_PDP0_to_PDP5,2048,20,SGD,,0.01,0.0,,,,
2026,7,8.0,joint_particular_adaptation,0.2471141815185547,ordinary_joint_training_PDP0_to_PDP5,2048,20,SGD,,0.01,0.0,,,,
2026,7,10.0,joint_particular_adaptation,0.2175970077514648,ordinary_joint_training_PDP0_to_PDP5,2048,20,SGD,,0.01,0.0,,,,
2026,7,12.0,joint_particular_adaptation,0.196725845336914,ordinary_joint_training_PDP0_to_PDP5,2048,20,SGD,,0.01,0.0,,,,
2026,7,14.0,joint_particular_adaptation,0.1803436279296875,ordinary_joint_training_PDP0_to_PDP5,2048,20,SGD,,0.01,0.0,,,,
2026,7,16.0,joint_particular_adaptation,0.167205810546875,ordinary_joint_training_PDP0_to_PDP5,2048,20,SGD,,0.01,0.0,,,,
2026,7,18.0,joint_particular_adaptation,0.1594886779785156,ordinary_joint_training_PDP0_to_PDP5,2048,20,SGD,,0.01,0.0,,,,
2026,7,20.0,joint_particular_adaptation,0.1551761627197265,ordinary_joint_training_PDP0_to_PDP5,2048,20,SGD,,0.01,0.0,,,,
2027,6,0.0,joint_particular_adaptation,0.3899469375610351,ordinary_joint_training_PDP0_to_PDP5,2048,20,SGD,,0.01,0.0,,,,
2027,6,2.0,joint_particular_adaptation,0.3550834655761719,ordinary_joint_training_PDP0_to_PDP5,2048,20,SGD,,0.01,0.0,,,,
2027,6,4.0,joint_particular_adaptation,0.3170890808105469,ordinary_joint_training_PDP0_to_PDP5,2048,20,SGD,,0.01,0.0,,,,
2027,6,6.0,joint_particular_adaptation,0.2783317565917969,ordinary_joint_training_PDP0_to_PDP5,2048,20,SGD,,0.01,0.0,,,,
2027,6,8.0,joint_particular_adaptation,0.2428131103515625,ordinary_joint_training_PDP0_to_PDP5,2048,20,SGD,,0.01,0.0,,,,
2027,6,10.0,joint_particular_adaptation,0.2111454010009765,ordinary_joint_training_PDP0_to_PDP5,2048,20,SGD,,0.01,0.0,,,,
2027,6,12.0,joint_particular_adaptation,0.188603401184082,ordinary_joint_training_PDP0_to_PDP5,2048,20,SGD,,0.01,0.0,,,,
2027,6,14.0,joint_particular_adaptation,0.1689023971557617,ordinary_joint_training_PDP0_to_PDP5,2048,20,SGD,,0.01,0.0,,,,
2027,6,16.0,joint_particular_adaptation,0.1567554473876953,ordinary_joint_training_PDP0_to_PDP5,2048,20,SGD,,0.01,0.0,,,,
2027,6,18.0,joint_particular_adaptation,0.1490421295166015,ordinary_joint_training_PDP0_to_PDP5,2048,20,SGD,,0.01,0.0,,,,
2027,6,20.0,joint_particular_adaptation,0.1466846466064453,ordinary_joint_training_PDP0_to_PDP5,2048,20,SGD,,0.01,0.0,,,,
2027,7,0.0,joint_particular_adaptation,0.391885757446289,ordinary_joint_training_PDP0_to_PDP5,2048,20,SGD,,0.01,0.0,,,,
2027,7,2.0,joint_particular_adaptation,0.3583183288574219,ordinary_joint_training_PDP0_to_PDP5,2048,20,SGD,,0.01,0.0,,,,
2027,7,4.0,joint_particular_adaptation,0.3226747512817383,ordinary_joint_training_PDP0_to_PDP5,2048,20,SGD,,0.01,0.0,,,,
2027,7,6.0,joint_particular_adaptation,0.2852048873901367,ordinary_joint_training_PDP0_to_PDP5,2048,20,SGD,,0.01,0.0,,,,
2027,7,8.0,joint_particular_adaptation,0.2491445541381836,ordinary_joint_training_PDP0_to_PDP5,2048,20,SGD,,0.01,0.0,,,,
2027,7,10.0,joint_particular_adaptation,0.2204980850219726,ordinary_joint_training_PDP0_to_PDP5,2048,20,SGD,,0.01,0.0,,,,
2027,7,12.0,joint_particular_adaptation,0.1962642669677734,ordinary_joint_training_PDP0_to_PDP5,2048,20,SGD,,0.01,0.0,,,,
2027,7,14.0,joint_particular_adaptation,0.1806707382202148,ordinary_joint_training_PDP0_to_PDP5,2048,20,SGD,,0.01,0.0,,,,
2027,7,16.0,joint_particular_adaptation,0.1692171096801757,ordinary_joint_training_PDP0_to_PDP5,2048,20,SGD,,0.01,0.0,,,,
2027,7,18.0,joint_particular_adaptation,0.160470962524414,ordinary_joint_training_PDP0_to_PDP5,2048,20,SGD,,0.01,0.0,,,,
2027,7,20.0,joint_particular_adaptation,0.1553020477294922,ordinary_joint_training_PDP0_to_PDP5,2048,20,SGD,,0.01,0.0,,,,
2028,6,0.0,joint_particular_adaptation,0.3898248672485351,ordinary_joint_training_PDP0_to_PDP5,2048,20,SGD,,0.01,0.0,,,,
2028,6,2.0,joint_particular_adaptation,0.3559103012084961,ordinary_joint_training_PDP0_to_PDP5,2048,20,SGD,,0.01,0.0,,,,
2028,6,4.0,joint_particular_adaptation,0.3191871643066406,ordinary_joint_training_PDP0_to_PDP5,2048,20,SGD,,0.01,0.0,,,,
2028,6,6.0,joint_particular_adaptation,0.2779684066772461,ordinary_joint_training_PDP0_to_PDP5,2048,20,SGD,,0.01,0.0,,,,
2028,6,8.0,joint_particular_adaptation,0.2430315017700195,ordinary_joint_training_PDP0_to_PDP5,2048,20,SGD,,0.01,0.0,,,,
2028,6,10.0,joint_particular_adaptation,0.2126684188842773,ordinary_joint_training_PDP0_to_PDP5,2048,20,SGD,,0.01,0.0,,,,
2028,6,12.0,joint_particular_adaptation,0.1885395050048828,ordinary_joint_training_PDP0_to_PDP5,2048,20,SGD,,0.01,0.0,,,,
2028,6,14.0,joint_particular_adaptation,0.1699190139770507,ordinary_joint_training_PDP0_to_PDP5,2048,20,SGD,,0.01,0.0,,,,
2028,6,16.0,joint_particular_adaptation,0.157449722290039,ordinary_joint_training_PDP0_to_PDP5,2048,20,SGD,,0.01,0.0,,,,
2028,6,18.0,joint_particular_adaptation,0.1498298645019531,ordinary_joint_training_PDP0_to_PDP5,2048,20,SGD,,0.01,0.0,,,,
2028,6,20.0,joint_particular_adaptation,0.1472282409667968,ordinary_joint_training_PDP0_to_PDP5,2048,20,SGD,,0.01,0.0,,,,
2028,7,0.0,joint_particular_adaptation,0.3921442031860351,ordinary_joint_training_PDP0_to_PDP5,2048,20,SGD,,0.01,0.0,,,,
2028,7,2.0,joint_particular_adaptation,0.3583841323852539,ordinary_joint_training_PDP0_to_PDP5,2048,20,SGD,,0.01,0.0,,,,
2028,7,4.0,joint_particular_adaptation,0.3216104507446289,ordinary_joint_training_PDP0_to_PDP5,2048,20,SGD,,0.01,0.0,,,,
2028,7,6.0,joint_particular_adaptation,0.2834548950195312,ordinary_joint_training_PDP0_to_PDP5,2048,20,SGD,,0.01,0.0,,,,
2028,7,8.0,joint_particular_adaptation,0.2508115768432617,ordinary_joint_training_PDP0_to_PDP5,2048,20,SGD,,0.01,0.0,,,,
2028,7,10.0,joint_particular_adaptation,0.2207841873168945,ordinary_joint_training_PDP0_to_PDP5,2048,20,SGD,,0.01,0.0,,,,
2028,7,12.0,joint_particular_adaptation,0.1977205276489257,ordinary_joint_training_PDP0_to_PDP5,2048,20,SGD,,0.01,0.0,,,,
2028,7,14.0,joint_particular_adaptation,0.1795310974121093,ordinary_joint_training_PDP0_to_PDP5,2048,20,SGD,,0.01,0.0,,,,
2028,7,16.0,joint_particular_adaptation,0.1678276062011718,ordinary_joint_training_PDP0_to_PDP5,2048,20,SGD,,0.01,0.0,,,,
2028,7,18.0,joint_particular_adaptation,0.1626272201538086,ordinary_joint_training_PDP0_to_PDP5,2048,20,SGD,,0.01,0.0,,,,
2028,7,20.0,joint_particular_adaptation,0.1553716659545898,ordinary_joint_training_PDP0_to_PDP5,2048,20,SGD,,0.01,0.0,,,,
2026,6,0.0,algorithm1_particular_adaptation,0.3636188507080078,Algorithm1_iADMM_PDP0_to_PDP5,2048,20,SGD,,0.01,0.0,historical_mean,1200.0,20.0,5000.0
2026,6,2.0,algorithm1_particular_adaptation,0.3171491622924804,Algorithm1_iADMM_PDP0_to_PDP5,2048,20,SGD,,0.01,0.0,historical_mean,1200.0,20.0,5000.0
2026,6,4.0,algorithm1_particular_adaptation,0.2719964981079101,Algorithm1_iADMM_PDP0_to_PDP5,2048,20,SGD,,0.01,0.0,historical_mean,1200.0,20.0,5000.0
2026,6,6.0,algorithm1_particular_adaptation,0.2250499725341797,Algorithm1_iADMM_PDP0_to_PDP5,2048,20,SGD,,0.01,0.0,historical_mean,1200.0,20.0,5000.0
2026,6,8.0,algorithm1_particular_adaptation,0.1797685623168945,Algorithm1_iADMM_PDP0_to_PDP5,2048,20,SGD,,0.01,0.0,historical_mean,1200.0,20.0,5000.0
2026,6,10.0,algorithm1_particular_adaptation,0.1428747177124023,Algorithm1_iADMM_PDP0_to_PDP5,2048,20,SGD,,0.01,0.0,historical_mean,1200.0,20.0,5000.0
2026,6,12.0,algorithm1_particular_adaptation,0.1152009963989257,Algorithm1_iADMM_PDP0_to_PDP5,2048,20,SGD,,0.01,0.0,historical_mean,1200.0,20.0,5000.0
2026,6,14.0,algorithm1_particular_adaptation,0.0950307846069336,Algorithm1_iADMM_PDP0_to_PDP5,2048,20,SGD,,0.01,0.0,historical_mean,1200.0,20.0,5000.0
2026,6,16.0,algorithm1_particular_adaptation,0.0807018280029296,Algorithm1_iADMM_PDP0_to_PDP5,2048,20,SGD,,0.01,0.0,historical_mean,1200.0,20.0,5000.0
2026,6,18.0,algorithm1_particular_adaptation,0.0725536346435546,Algorithm1_iADMM_PDP0_to_PDP5,2048,20,SGD,,0.01,0.0,historical_mean,1200.0,20.0,5000.0
2026,6,20.0,algorithm1_particular_adaptation,0.0668115615844726,Algorithm1_iADMM_PDP0_to_PDP5,2048,20,SGD,,0.01,0.0,historical_mean,1200.0,20.0,5000.0
2026,7,0.0,algorithm1_particular_adaptation,0.3635025024414062,Algorithm1_iADMM_PDP0_to_PDP5,2048,20,SGD,,0.01,0.0,historical_mean,1200.0,20.0,5000.0
2026,7,2.0,algorithm1_particular_adaptation,0.3187265396118164,Algorithm1_iADMM_PDP0_to_PDP5,2048,20,SGD,,0.01,0.0,historical_mean,1200.0,20.0,5000.0
2026,7,4.0,algorithm1_particular_adaptation,0.2698373794555664,Algorithm1_iADMM_PDP0_to_PDP5,2048,20,SGD,,0.01,0.0,historical_mean,1200.0,20.0,5000.0
2026,7,6.0,algorithm1_particular_adaptation,0.2239637374877929,Algorithm1_iADMM_PDP0_to_PDP5,2048,20,SGD,,0.01,0.0,historical_mean,1200.0,20.0,5000.0
2026,7,8.0,algorithm1_particular_adaptation,0.1793966293334961,Algorithm1_iADMM_PDP0_to_PDP5,2048,20,SGD,,0.01,0.0,historical_mean,1200.0,20.0,5000.0
2026,7,10.0,algorithm1_particular_adaptation,0.1442117691040039,Algorithm1_iADMM_PDP0_to_PDP5,2048,20,SGD,,0.01,0.0,historical_mean,1200.0,20.0,5000.0
2026,7,12.0,algorithm1_particular_adaptation,0.1172380447387695,Algorithm1_iADMM_PDP0_to_PDP5,2048,20,SGD,,0.01,0.0,historical_mean,1200.0,20.0,5000.0
2026,7,14.0,algorithm1_particular_adaptation,0.0972719192504882,Algorithm1_iADMM_PDP0_to_PDP5,2048,20,SGD,,0.01,0.0,historical_mean,1200.0,20.0,5000.0
2026,7,16.0,algorithm1_particular_adaptation,0.083597183227539,Algorithm1_iADMM_PDP0_to_PDP5,2048,20,SGD,,0.01,0.0,historical_mean,1200.0,20.0,5000.0
2026,7,18.0,algorithm1_particular_adaptation,0.0747308731079101,Algorithm1_iADMM_PDP0_to_PDP5,2048,20,SGD,,0.01,0.0,historical_mean,1200.0,20.0,5000.0
2026,7,20.0,algorithm1_particular_adaptation,0.0700139999389648,Algorithm1_iADMM_PDP0_to_PDP5,2048,20,SGD,,0.01,0.0,historical_mean,1200.0,20.0,5000.0
2027,6,0.0,algorithm1_particular_adaptation,0.3627405166625976,Algorithm1_iADMM_PDP0_to_PDP5,2048,20,SGD,,0.01,0.0,historical_mean,1200.0,20.0,5000.0
2027,6,2.0,algorithm1_particular_adaptation,0.3196077346801758,Algorithm1_iADMM_PDP0_to_PDP5,2048,20,SGD,,0.01,0.0,historical_mean,1200.0,20.0,5000.0
2027,6,4.0,algorithm1_particular_adaptation,0.2712936401367187,Algorithm1_iADMM_PDP0_to_PDP5,2048,20,SGD,,0.01,0.0,historical_mean,1200.0,20.0,5000.0
2027,6,6.0,algorithm1_particular_adaptation,0.2222537994384765,Algorithm1_iADMM_PDP0_to_PDP5,2048,20,SGD,,0.01,0.0,historical_mean,1200.0,20.0,5000.0
2027,6,8.0,algorithm1_particular_adaptation,0.1780757904052734,Algorithm1_iADMM_PDP0_to_PDP5,2048,20,SGD,,0.01,0.0,historical_mean,1200.0,20.0,5000.0
2027,6,10.0,algorithm1_particular_adaptation,0.1421747207641601,Algorithm1_iADMM_PDP0_to_PDP5,2048,20,SGD,,0.01,0.0,historical_mean,1200.0,20.0,5000.0
2027,6,12.0,algorithm1_particular_adaptation,0.1147794723510742,Algorithm1_iADMM_PDP0_to_PDP5,2048,20,SGD,,0.01,0.0,historical_mean,1200.0,20.0,5000.0
2027,6,14.0,algorithm1_particular_adaptation,0.0934810638427734,Algorithm1_iADMM_PDP0_to_PDP5,2048,20,SGD,,0.01,0.0,historical_mean,1200.0,20.0,5000.0
2027,6,16.0,algorithm1_particular_adaptation,0.0803966522216796,Algorithm1_iADMM_PDP0_to_PDP5,2048,20,SGD,,0.01,0.0,historical_mean,1200.0,20.0,5000.0
2027,6,18.0,algorithm1_particular_adaptation,0.0717782974243164,Algorithm1_iADMM_PDP0_to_PDP5,2048,20,SGD,,0.01,0.0,historical_mean,1200.0,20.0,5000.0
2027,6,20.0,algorithm1_particular_adaptation,0.0677862167358398,Algorithm1_iADMM_PDP0_to_PDP5,2048,20,SGD,,0.01,0.0,historical_mean,1200.0,20.0,5000.0
2027,7,0.0,algorithm1_particular_adaptation,0.3618488311767578,Algorithm1_iADMM_PDP0_to_PDP5,2048,20,SGD,,0.01,0.0,historical_mean,1200.0,20.0,5000.0
2027,7,2.0,algorithm1_particular_adaptation,0.3160848617553711,Algorithm1_iADMM_PDP0_to_PDP5,2048,20,SGD,,0.01,0.0,historical_mean,1200.0,20.0,5000.0
2027,7,4.0,algorithm1_particular_adaptation,0.268437385559082,Algorithm1_iADMM_PDP0_to_PDP5,2048,20,SGD,,0.01,0.0,historical_mean,1200.0,20.0,5000.0
2027,7,6.0,algorithm1_particular_adaptation,0.2213029861450195,Algorithm1_iADMM_PDP0_to_PDP5,2048,20,SGD,,0.01,0.0,historical_mean,1200.0,20.0,5000.0
2027,7,8.0,algorithm1_particular_adaptation,0.1772298812866211,Algorithm1_iADMM_PDP0_to_PDP5,2048,20,SGD,,0.01,0.0,historical_mean,1200.0,20.0,5000.0
2027,7,10.0,algorithm1_particular_adaptation,0.1416664123535156,Algorithm1_iADMM_PDP0_to_PDP5,2048,20,SGD,,0.01,0.0,historical_mean,1200.0,20.0,5000.0
2027,7,12.0,algorithm1_particular_adaptation,0.1136674880981445,Algorithm1_iADMM_PDP0_to_PDP5,2048,20,SGD,,0.01,0.0,historical_mean,1200.0,20.0,5000.0
2027,7,14.0,algorithm1_particular_adaptation,0.0949745178222656,Algorithm1_iADMM_PDP0_to_PDP5,2048,20,SGD,,0.01,0.0,historical_mean,1200.0,20.0,5000.0
2027,7,16.0,algorithm1_particular_adaptation,0.0817451477050781,Algorithm1_iADMM_PDP0_to_PDP5,2048,20,SGD,,0.01,0.0,historical_mean,1200.0,20.0,5000.0
2027,7,18.0,algorithm1_particular_adaptation,0.0733823776245117,Algorithm1_iADMM_PDP0_to_PDP5,2048,20,SGD,,0.01,0.0,historical_mean,1200.0,20.0,5000.0
2027,7,20.0,algorithm1_particular_adaptation,0.0676174163818359,Algorithm1_iADMM_PDP0_to_PDP5,2048,20,SGD,,0.01,0.0,historical_mean,1200.0,20.0,5000.0
2028,6,0.0,algorithm1_particular_adaptation,0.363565444946289,Algorithm1_iADMM_PDP0_to_PDP5,2048,20,SGD,,0.01,0.0,historical_mean,1200.0,20.0,5000.0
2028,6,2.0,algorithm1_particular_adaptation,0.3190116882324219,Algorithm1_iADMM_PDP0_to_PDP5,2048,20,SGD,,0.01,0.0,historical_mean,1200.0,20.0,5000.0
2028,6,4.0,algorithm1_particular_adaptation,0.2720890045166015,Algorithm1_iADMM_PDP0_to_PDP5,2048,20,SGD,,0.01,0.0,historical_mean,1200.0,20.0,5000.0
2028,6,6.0,algorithm1_particular_adaptation,0.2228870391845703,Algorithm1_iADMM_PDP0_to_PDP5,2048,20,SGD,,0.01,0.0,historical_mean,1200.0,20.0,5000.0
2028,6,8.0,algorithm1_particular_adaptation,0.1791973114013672,Algorithm1_iADMM_PDP0_to_PDP5,2048,20,SGD,,0.01,0.0,historical_mean,1200.0,20.0,5000.0
2028,6,10.0,algorithm1_particular_adaptation,0.1434793472290039,Algorithm1_iADMM_PDP0_to_PDP5,2048,20,SGD,,0.01,0.0,historical_mean,1200.0,20.0,5000.0
2028,6,12.0,algorithm1_particular_adaptation,0.1143875122070312,Algorithm1_iADMM_PDP0_to_PDP5,2048,20,SGD,,0.01,0.0,historical_mean,1200.0,20.0,5000.0
2028,6,14.0,algorithm1_particular_adaptation,0.0936126708984375,Algorithm1_iADMM_PDP0_to_PDP5,2048,20,SGD,,0.01,0.0,historical_mean,1200.0,20.0,5000.0
2028,6,16.0,algorithm1_particular_adaptation,0.0800113677978515,Algorithm1_iADMM_PDP0_to_PDP5,2048,20,SGD,,0.01,0.0,historical_mean,1200.0,20.0,5000.0
2028,6,18.0,algorithm1_particular_adaptation,0.0720863342285156,Algorithm1_iADMM_PDP0_to_PDP5,2048,20,SGD,,0.01,0.0,historical_mean,1200.0,20.0,5000.0
2028,6,20.0,algorithm1_particular_adaptation,0.0668258666992187,Algorithm1_iADMM_PDP0_to_PDP5,2048,20,SGD,,0.01,0.0,historical_mean,1200.0,20.0,5000.0
2028,7,0.0,algorithm1_particular_adaptation,0.3624229431152344,Algorithm1_iADMM_PDP0_to_PDP5,2048,20,SGD,,0.01,0.0,historical_mean,1200.0,20.0,5000.0
2028,7,2.0,algorithm1_particular_adaptation,0.3173780441284179,Algorithm1_iADMM_PDP0_to_PDP5,2048,20,SGD,,0.01,0.0,historical_mean,1200.0,20.0,5000.0
2028,7,4.0,algorithm1_particular_adaptation,0.2694654464721679,Algorithm1_iADMM_PDP0_to_PDP5,2048,20,SGD,,0.01,0.0,historical_mean,1200.0,20.0,5000.0
2028,7,6.0,algorithm1_particular_adaptation,0.2222414016723632,Algorithm1_iADMM_PDP0_to_PDP5,2048,20,SGD,,0.01,0.0,historical_mean,1200.0,20.0,5000.0
2028,7,8.0,algorithm1_particular_adaptation,0.1800947189331054,Algorithm1_iADMM_PDP0_to_PDP5,2048,20,SGD,,0.01,0.0,historical_mean,1200.0,20.0,5000.0
2028,7,10.0,algorithm1_particular_adaptation,0.1442203521728515,Algorithm1_iADMM_PDP0_to_PDP5,2048,20,SGD,,0.01,0.0,historical_mean,1200.0,20.0,5000.0
2028,7,12.0,algorithm1_particular_adaptation,0.1154203414916992,Algorithm1_iADMM_PDP0_to_PDP5,2048,20,SGD,,0.01,0.0,historical_mean,1200.0,20.0,5000.0
2028,7,14.0,algorithm1_particular_adaptation,0.0953378677368164,Algorithm1_iADMM_PDP0_to_PDP5,2048,20,SGD,,0.01,0.0,historical_mean,1200.0,20.0,5000.0
2028,7,16.0,algorithm1_particular_adaptation,0.0816965103149414,Algorithm1_iADMM_PDP0_to_PDP5,2048,20,SGD,,0.01,0.0,historical_mean,1200.0,20.0,5000.0
2028,7,18.0,algorithm1_particular_adaptation,0.0737524032592773,Algorithm1_iADMM_PDP0_to_PDP5,2048,20,SGD,,0.01,0.0,historical_mean,1200.0,20.0,5000.0
2028,7,20.0,algorithm1_particular_adaptation,0.0680341720581054,Algorithm1_iADMM_PDP0_to_PDP5,2048,20,SGD,,0.01,0.0,historical_mean,1200.0,20.0,5000.0
