layer_name,parameter_group,parameter_count,delta_l2,relative_delta_l2,maximum_absolute_delta,seed,target_pdp,support_size,method
encoder_conv_1,shared,1536,0.0,0.0,0.0,2026,6,64,joint_particular_adaptation
encoder_conv_2,shared,98432,0.0,0.0,0.0,2026,6,64,joint_particular_adaptation
encoder_conv_3,shared,24640,0.0,0.0,0.0,2026,6,64,joint_particular_adaptation
encoder_conv_4,shared,386,0.0,0.0,0.0,2026,6,64,joint_particular_adaptation
channel_est_conv_1,shared,2816,0.0,0.0,0.0,2026,6,64,joint_particular_adaptation
channel_est_conv_2,shared,98432,0.0,0.0,0.0,2026,6,64,joint_particular_adaptation
channel_est_conv_3,shared,24640,0.0,0.0,0.0,2026,6,64,joint_particular_adaptation
channel_est_conv_4,shared,6176,0.0,0.0,0.0,2026,6,64,joint_particular_adaptation
channel_est_conv_5,shared,291,0.0,0.0,0.0,2026,6,64,joint_particular_adaptation
channel_est_dense_1,shared,40900,0.0,0.0,0.0,2026,6,64,joint_particular_adaptation
estimated_channel,shared,4040,0.0,0.0,0.0,2026,6,64,joint_particular_adaptation
decoder_conv_1,particular,102656,0.09672684967517853,0.008478954157339185,0.0024184659123420715,2026,6,64,joint_particular_adaptation
decoder_res1_input,particular,163968,0.10468332469463348,0.007861287980298998,0.0019766241312026978,2026,6,64,joint_particular_adaptation
decoder_res1_conv1,shared,82048,0.0,0.0,0.0,2026,6,64,joint_particular_adaptation
decoder_res1_conv2,particular,82048,0.14238868653774261,0.012025801092575884,0.003564603626728058,2026,6,64,joint_particular_adaptation
decoder_res2_input,shared,41024,0.0,0.0,0.0,2026,6,64,joint_particular_adaptation
decoder_res2_conv1,shared,20544,0.0,0.0,0.0,2026,6,64,joint_particular_adaptation
decoder_res2_conv2,shared,12352,0.0,0.0,0.0,2026,6,64,joint_particular_adaptation
decoder_conv_final,shared,6176,0.0,0.0,0.0,2026,6,64,joint_particular_adaptation
pred_logits_full,shared,97,0.0,0.0,0.0,2026,6,64,joint_particular_adaptation
encoder_conv_1,shared,1536,0.0,0.0,0.0,2026,6,64,algorithm1_particular_adaptation
encoder_conv_2,shared,98432,0.0,0.0,0.0,2026,6,64,algorithm1_particular_adaptation
encoder_conv_3,shared,24640,0.0,0.0,0.0,2026,6,64,algorithm1_particular_adaptation
encoder_conv_4,shared,386,0.0,0.0,0.0,2026,6,64,algorithm1_particular_adaptation
channel_est_conv_1,shared,2816,0.0,0.0,0.0,2026,6,64,algorithm1_particular_adaptation
channel_est_conv_2,shared,98432,0.0,0.0,0.0,2026,6,64,algorithm1_particular_adaptation
channel_est_conv_3,shared,24640,0.0,0.0,0.0,2026,6,64,algorithm1_particular_adaptation
channel_est_conv_4,shared,6176,0.0,0.0,0.0,2026,6,64,algorithm1_particular_adaptation
channel_est_conv_5,shared,291,0.0,0.0,0.0,2026,6,64,algorithm1_particular_adaptation
channel_est_dense_1,shared,40900,0.0,0.0,0.0,2026,6,64,algorithm1_particular_adaptation
estimated_channel,shared,4040,0.0,0.0,0.0,2026,6,64,algorithm1_particular_adaptation
decoder_conv_1,particular,102656,0.2536218762397766,0.02222283234644124,0.007804699242115021,2026,6,64,algorithm1_particular_adaptation
decoder_res1_input,particular,163968,0.5592809915542603,0.04198727577438808,0.007522958796471357,2026,6,64,algorithm1_particular_adaptation
decoder_res1_conv1,shared,82048,0.0,0.0,0.0,2026,6,64,algorithm1_particular_adaptation
decoder_res1_conv2,particular,82048,0.7569076418876648,0.06390854113585165,0.028565775603055954,2026,6,64,algorithm1_particular_adaptation
decoder_res2_input,shared,41024,0.0,0.0,0.0,2026,6,64,algorithm1_particular_adaptation
decoder_res2_conv1,shared,20544,0.0,0.0,0.0,2026,6,64,algorithm1_particular_adaptation
decoder_res2_conv2,shared,12352,0.0,0.0,0.0,2026,6,64,algorithm1_particular_adaptation
decoder_conv_final,shared,6176,0.0,0.0,0.0,2026,6,64,algorithm1_particular_adaptation
pred_logits_full,shared,97,0.0,0.0,0.0,2026,6,64,algorithm1_particular_adaptation
encoder_conv_1,shared,1536,0.0,0.0,0.0,2026,6,128,joint_particular_adaptation
encoder_conv_2,shared,98432,0.0,0.0,0.0,2026,6,128,joint_particular_adaptation
encoder_conv_3,shared,24640,0.0,0.0,0.0,2026,6,128,joint_particular_adaptation
encoder_conv_4,shared,386,0.0,0.0,0.0,2026,6,128,joint_particular_adaptation
channel_est_conv_1,shared,2816,0.0,0.0,0.0,2026,6,128,joint_particular_adaptation
channel_est_conv_2,shared,98432,0.0,0.0,0.0,2026,6,128,joint_particular_adaptation
channel_est_conv_3,shared,24640,0.0,0.0,0.0,2026,6,128,joint_particular_adaptation
channel_est_conv_4,shared,6176,0.0,0.0,0.0,2026,6,128,joint_particular_adaptation
channel_est_conv_5,shared,291,0.0,0.0,0.0,2026,6,128,joint_particular_adaptation
channel_est_dense_1,shared,40900,0.0,0.0,0.0,2026,6,128,joint_particular_adaptation
estimated_channel,shared,4040,0.0,0.0,0.0,2026,6,128,joint_particular_adaptation
decoder_conv_1,particular,102656,0.05209445580840111,0.004566534567540176,0.001226533204317093,2026,6,128,joint_particular_adaptation
decoder_res1_input,particular,163968,0.060282476246356964,0.004526966518502635,0.001508869230747223,2026,6,128,joint_particular_adaptation
decoder_res1_conv1,shared,82048,0.0,0.0,0.0,2026,6,128,joint_particular_adaptation
decoder_res1_conv2,particular,82048,0.0863298550248146,0.007291208944498156,0.002425774931907654,2026,6,128,joint_particular_adaptation
decoder_res2_input,shared,41024,0.0,0.0,0.0,2026,6,128,joint_particular_adaptation
decoder_res2_conv1,shared,20544,0.0,0.0,0.0,2026,6,128,joint_particular_adaptation
decoder_res2_conv2,shared,12352,0.0,0.0,0.0,2026,6,128,joint_particular_adaptation
decoder_conv_final,shared,6176,0.0,0.0,0.0,2026,6,128,joint_particular_adaptation
pred_logits_full,shared,97,0.0,0.0,0.0,2026,6,128,joint_particular_adaptation
encoder_conv_1,shared,1536,0.0,0.0,0.0,2026,6,128,algorithm1_particular_adaptation
encoder_conv_2,shared,98432,0.0,0.0,0.0,2026,6,128,algorithm1_particular_adaptation
encoder_conv_3,shared,24640,0.0,0.0,0.0,2026,6,128,algorithm1_particular_adaptation
encoder_conv_4,shared,386,0.0,0.0,0.0,2026,6,128,algorithm1_particular_adaptation
channel_est_conv_1,shared,2816,0.0,0.0,0.0,2026,6,128,algorithm1_particular_adaptation
channel_est_conv_2,shared,98432,0.0,0.0,0.0,2026,6,128,algorithm1_particular_adaptation
channel_est_conv_3,shared,24640,0.0,0.0,0.0,2026,6,128,algorithm1_particular_adaptation
channel_est_conv_4,shared,6176,0.0,0.0,0.0,2026,6,128,algorithm1_particular_adaptation
channel_est_conv_5,shared,291,0.0,0.0,0.0,2026,6,128,algorithm1_particular_adaptation
channel_est_dense_1,shared,40900,0.0,0.0,0.0,2026,6,128,algorithm1_particular_adaptation
estimated_channel,shared,4040,0.0,0.0,0.0,2026,6,128,algorithm1_particular_adaptation
decoder_conv_1,particular,102656,0.13420826196670532,0.011759583792265955,0.007172893732786179,2026,6,128,algorithm1_particular_adaptation
decoder_res1_input,particular,163968,0.2901584804058075,0.021783261578798094,0.005981147289276123,2026,6,128,algorithm1_particular_adaptation
decoder_res1_conv1,shared,82048,0.0,0.0,0.0,2026,6,128,algorithm1_particular_adaptation
decoder_res1_conv2,particular,82048,0.398209810256958,0.03362234258335504,0.01627068594098091,2026,6,128,algorithm1_particular_adaptation
decoder_res2_input,shared,41024,0.0,0.0,0.0,2026,6,128,algorithm1_particular_adaptation
decoder_res2_conv1,shared,20544,0.0,0.0,0.0,2026,6,128,algorithm1_particular_adaptation
decoder_res2_conv2,shared,12352,0.0,0.0,0.0,2026,6,128,algorithm1_particular_adaptation
decoder_conv_final,shared,6176,0.0,0.0,0.0,2026,6,128,algorithm1_particular_adaptation
pred_logits_full,shared,97,0.0,0.0,0.0,2026,6,128,algorithm1_particular_adaptation
encoder_conv_1,shared,1536,0.0,0.0,0.0,2026,6,256,joint_particular_adaptation
encoder_conv_2,shared,98432,0.0,0.0,0.0,2026,6,256,joint_particular_adaptation
encoder_conv_3,shared,24640,0.0,0.0,0.0,2026,6,256,joint_particular_adaptation
encoder_conv_4,shared,386,0.0,0.0,0.0,2026,6,256,joint_particular_adaptation
channel_est_conv_1,shared,2816,0.0,0.0,0.0,2026,6,256,joint_particular_adaptation
channel_est_conv_2,shared,98432,0.0,0.0,0.0,2026,6,256,joint_particular_adaptation
channel_est_conv_3,shared,24640,0.0,0.0,0.0,2026,6,256,joint_particular_adaptation
channel_est_conv_4,shared,6176,0.0,0.0,0.0,2026,6,256,joint_particular_adaptation
channel_est_conv_5,shared,291,0.0,0.0,0.0,2026,6,256,joint_particular_adaptation
channel_est_dense_1,shared,40900,0.0,0.0,0.0,2026,6,256,joint_particular_adaptation
estimated_channel,shared,4040,0.0,0.0,0.0,2026,6,256,joint_particular_adaptation
decoder_conv_1,particular,102656,0.0325985848903656,0.0028575510089259982,0.001000991091132164,2026,6,256,joint_particular_adaptation
decoder_res1_input,particular,163968,0.03672584146261215,0.0027579599415531375,0.0011667199432849884,2026,6,256,joint_particular_adaptation
decoder_res1_conv1,shared,82048,0.0,0.0,0.0,2026,6,256,joint_particular_adaptation
decoder_res1_conv2,particular,82048,0.05067197233438492,0.004279631163676032,0.0016352981328964233,2026,6,256,joint_particular_adaptation
decoder_res2_input,shared,41024,0.0,0.0,0.0,2026,6,256,joint_particular_adaptation
decoder_res2_conv1,shared,20544,0.0,0.0,0.0,2026,6,256,joint_particular_adaptation
decoder_res2_conv2,shared,12352,0.0,0.0,0.0,2026,6,256,joint_particular_adaptation
decoder_conv_final,shared,6176,0.0,0.0,0.0,2026,6,256,joint_particular_adaptation
pred_logits_full,shared,97,0.0,0.0,0.0,2026,6,256,joint_particular_adaptation
encoder_conv_1,shared,1536,0.0,0.0,0.0,2026,6,256,algorithm1_particular_adaptation
encoder_conv_2,shared,98432,0.0,0.0,0.0,2026,6,256,algorithm1_particular_adaptation
encoder_conv_3,shared,24640,0.0,0.0,0.0,2026,6,256,algorithm1_particular_adaptation
encoder_conv_4,shared,386,0.0,0.0,0.0,2026,6,256,algorithm1_particular_adaptation
channel_est_conv_1,shared,2816,0.0,0.0,0.0,2026,6,256,algorithm1_particular_adaptation
channel_est_conv_2,shared,98432,0.0,0.0,0.0,2026,6,256,algorithm1_particular_adaptation
channel_est_conv_3,shared,24640,0.0,0.0,0.0,2026,6,256,algorithm1_particular_adaptation
channel_est_conv_4,shared,6176,0.0,0.0,0.0,2026,6,256,algorithm1_particular_adaptation
channel_est_conv_5,shared,291,0.0,0.0,0.0,2026,6,256,algorithm1_particular_adaptation
channel_est_dense_1,shared,40900,0.0,0.0,0.0,2026,6,256,algorithm1_particular_adaptation
estimated_channel,shared,4040,0.0,0.0,0.0,2026,6,256,algorithm1_particular_adaptation
decoder_conv_1,particular,102656,0.05920163914561272,0.005187360494579957,0.002763744443655014,2026,6,256,algorithm1_particular_adaptation
decoder_res1_input,particular,163968,0.090401791036129,0.006786794094653759,0.002956898882985115,2026,6,256,algorithm1_particular_adaptation
decoder_res1_conv1,shared,82048,0.0,0.0,0.0,2026,6,256,algorithm1_particular_adaptation
decoder_res1_conv2,particular,82048,0.1279849261045456,0.010806245652802124,0.004808198660612106,2026,6,256,algorithm1_particular_adaptation
decoder_res2_input,shared,41024,0.0,0.0,0.0,2026,6,256,algorithm1_particular_adaptation
decoder_res2_conv1,shared,20544,0.0,0.0,0.0,2026,6,256,algorithm1_particular_adaptation
decoder_res2_conv2,shared,12352,0.0,0.0,0.0,2026,6,256,algorithm1_particular_adaptation
decoder_conv_final,shared,6176,0.0,0.0,0.0,2026,6,256,algorithm1_particular_adaptation
pred_logits_full,shared,97,0.0,0.0,0.0,2026,6,256,algorithm1_particular_adaptation
encoder_conv_1,shared,1536,0.0,0.0,0.0,2026,7,64,joint_particular_adaptation
encoder_conv_2,shared,98432,0.0,0.0,0.0,2026,7,64,joint_particular_adaptation
encoder_conv_3,shared,24640,0.0,0.0,0.0,2026,7,64,joint_particular_adaptation
encoder_conv_4,shared,386,0.0,0.0,0.0,2026,7,64,joint_particular_adaptation
channel_est_conv_1,shared,2816,0.0,0.0,0.0,2026,7,64,joint_particular_adaptation
channel_est_conv_2,shared,98432,0.0,0.0,0.0,2026,7,64,joint_particular_adaptation
channel_est_conv_3,shared,24640,0.0,0.0,0.0,2026,7,64,joint_particular_adaptation
channel_est_conv_4,shared,6176,0.0,0.0,0.0,2026,7,64,joint_particular_adaptation
channel_est_conv_5,shared,291,0.0,0.0,0.0,2026,7,64,joint_particular_adaptation
channel_est_dense_1,shared,40900,0.0,0.0,0.0,2026,7,64,joint_particular_adaptation
estimated_channel,shared,4040,0.0,0.0,0.0,2026,7,64,joint_particular_adaptation
decoder_conv_1,particular,102656,0.09408633410930634,0.008247489879220386,0.001844014972448349,2026,7,64,joint_particular_adaptation
decoder_res1_input,particular,163968,0.09931924939155579,0.0074584679435022,0.0020153839141130447,2026,7,64,joint_particular_adaptation
decoder_res1_conv1,shared,82048,0.0,0.0,0.0,2026,7,64,joint_particular_adaptation
decoder_res1_conv2,particular,82048,0.12897613644599915,0.01089300983317507,0.0034744087606668472,2026,7,64,joint_particular_adaptation
decoder_res2_input,shared,41024,0.0,0.0,0.0,2026,7,64,joint_particular_adaptation
decoder_res2_conv1,shared,20544,0.0,0.0,0.0,2026,7,64,joint_particular_adaptation
decoder_res2_conv2,shared,12352,0.0,0.0,0.0,2026,7,64,joint_particular_adaptation
decoder_conv_final,shared,6176,0.0,0.0,0.0,2026,7,64,joint_particular_adaptation
pred_logits_full,shared,97,0.0,0.0,0.0,2026,7,64,joint_particular_adaptation
encoder_conv_1,shared,1536,0.0,0.0,0.0,2026,7,64,algorithm1_particular_adaptation
encoder_conv_2,shared,98432,0.0,0.0,0.0,2026,7,64,algorithm1_particular_adaptation
encoder_conv_3,shared,24640,0.0,0.0,0.0,2026,7,64,algorithm1_particular_adaptation
encoder_conv_4,shared,386,0.0,0.0,0.0,2026,7,64,algorithm1_particular_adaptation
channel_est_conv_1,shared,2816,0.0,0.0,0.0,2026,7,64,algorithm1_particular_adaptation
channel_est_conv_2,shared,98432,0.0,0.0,0.0,2026,7,64,algorithm1_particular_adaptation
channel_est_conv_3,shared,24640,0.0,0.0,0.0,2026,7,64,algorithm1_particular_adaptation
channel_est_conv_4,shared,6176,0.0,0.0,0.0,2026,7,64,algorithm1_particular_adaptation
channel_est_conv_5,shared,291,0.0,0.0,0.0,2026,7,64,algorithm1_particular_adaptation
channel_est_dense_1,shared,40900,0.0,0.0,0.0,2026,7,64,algorithm1_particular_adaptation
estimated_channel,shared,4040,0.0,0.0,0.0,2026,7,64,algorithm1_particular_adaptation
decoder_conv_1,particular,102656,0.1628003865480423,0.014264880261246025,0.0053231194615364075,2026,7,64,algorithm1_particular_adaptation
decoder_res1_input,particular,163968,0.33823129534721375,0.02539226415295428,0.0050627607852220535,2026,7,64,algorithm1_particular_adaptation
decoder_res1_conv1,shared,82048,0.0,0.0,0.0,2026,7,64,algorithm1_particular_adaptation
decoder_res1_conv2,particular,82048,0.441646546125412,0.03728986853689563,0.0169820599257946,2026,7,64,algorithm1_particular_adaptation
decoder_res2_input,shared,41024,0.0,0.0,0.0,2026,7,64,algorithm1_particular_adaptation
decoder_res2_conv1,shared,20544,0.0,0.0,0.0,2026,7,64,algorithm1_particular_adaptation
decoder_res2_conv2,shared,12352,0.0,0.0,0.0,2026,7,64,algorithm1_particular_adaptation
decoder_conv_final,shared,6176,0.0,0.0,0.0,2026,7,64,algorithm1_particular_adaptation
pred_logits_full,shared,97,0.0,0.0,0.0,2026,7,64,algorithm1_particular_adaptation
encoder_conv_1,shared,1536,0.0,0.0,0.0,2026,7,128,joint_particular_adaptation
encoder_conv_2,shared,98432,0.0,0.0,0.0,2026,7,128,joint_particular_adaptation
encoder_conv_3,shared,24640,0.0,0.0,0.0,2026,7,128,joint_particular_adaptation
encoder_conv_4,shared,386,0.0,0.0,0.0,2026,7,128,joint_particular_adaptation
channel_est_conv_1,shared,2816,0.0,0.0,0.0,2026,7,128,joint_particular_adaptation
channel_est_conv_2,shared,98432,0.0,0.0,0.0,2026,7,128,joint_particular_adaptation
channel_est_conv_3,shared,24640,0.0,0.0,0.0,2026,7,128,joint_particular_adaptation
channel_est_conv_4,shared,6176,0.0,0.0,0.0,2026,7,128,joint_particular_adaptation
channel_est_conv_5,shared,291,0.0,0.0,0.0,2026,7,128,joint_particular_adaptation
channel_est_dense_1,shared,40900,0.0,0.0,0.0,2026,7,128,joint_particular_adaptation
estimated_channel,shared,4040,0.0,0.0,0.0,2026,7,128,joint_particular_adaptation
decoder_conv_1,particular,102656,0.05251755192875862,0.004603622642058332,0.0014295019209384918,2026,7,128,joint_particular_adaptation
decoder_res1_input,particular,163968,0.0621773786842823,0.004669265913392463,0.001890711486339569,2026,7,128,joint_particular_adaptation
decoder_res1_conv1,shared,82048,0.0,0.0,0.0,2026,7,128,joint_particular_adaptation
decoder_res1_conv2,particular,82048,0.08558516204357147,0.0072283139920603905,0.002010861411690712,2026,7,128,joint_particular_adaptation
decoder_res2_input,shared,41024,0.0,0.0,0.0,2026,7,128,joint_particular_adaptation
decoder_res2_conv1,shared,20544,0.0,0.0,0.0,2026,7,128,joint_particular_adaptation
decoder_res2_conv2,shared,12352,0.0,0.0,0.0,2026,7,128,joint_particular_adaptation
decoder_conv_final,shared,6176,0.0,0.0,0.0,2026,7,128,joint_particular_adaptation
pred_logits_full,shared,97,0.0,0.0,0.0,2026,7,128,joint_particular_adaptation
encoder_conv_1,shared,1536,0.0,0.0,0.0,2026,7,128,algorithm1_particular_adaptation
encoder_conv_2,shared,98432,0.0,0.0,0.0,2026,7,128,algorithm1_particular_adaptation
encoder_conv_3,shared,24640,0.0,0.0,0.0,2026,7,128,algorithm1_particular_adaptation
encoder_conv_4,shared,386,0.0,0.0,0.0,2026,7,128,algorithm1_particular_adaptation
channel_est_conv_1,shared,2816,0.0,0.0,0.0,2026,7,128,algorithm1_particular_adaptation
channel_est_conv_2,shared,98432,0.0,0.0,0.0,2026,7,128,algorithm1_particular_adaptation
channel_est_conv_3,shared,24640,0.0,0.0,0.0,2026,7,128,algorithm1_particular_adaptation
channel_est_conv_4,shared,6176,0.0,0.0,0.0,2026,7,128,algorithm1_particular_adaptation
channel_est_conv_5,shared,291,0.0,0.0,0.0,2026,7,128,algorithm1_particular_adaptation
channel_est_dense_1,shared,40900,0.0,0.0,0.0,2026,7,128,algorithm1_particular_adaptation
estimated_channel,shared,4040,0.0,0.0,0.0,2026,7,128,algorithm1_particular_adaptation
decoder_conv_1,particular,102656,0.11936745792627335,0.010459204247068098,0.006290983408689499,2026,7,128,algorithm1_particular_adaptation
decoder_res1_input,particular,163968,0.2505391538143158,0.01880889338693524,0.004986034706234932,2026,7,128,algorithm1_particular_adaptation
decoder_res1_conv1,shared,82048,0.0,0.0,0.0,2026,7,128,algorithm1_particular_adaptation
decoder_res1_conv2,particular,82048,0.3570195138454437,0.03014449190919859,0.013953741639852524,2026,7,128,algorithm1_particular_adaptation
decoder_res2_input,shared,41024,0.0,0.0,0.0,2026,7,128,algorithm1_particular_adaptation
decoder_res2_conv1,shared,20544,0.0,0.0,0.0,2026,7,128,algorithm1_particular_adaptation
decoder_res2_conv2,shared,12352,0.0,0.0,0.0,2026,7,128,algorithm1_particular_adaptation
decoder_conv_final,shared,6176,0.0,0.0,0.0,2026,7,128,algorithm1_particular_adaptation
pred_logits_full,shared,97,0.0,0.0,0.0,2026,7,128,algorithm1_particular_adaptation
encoder_conv_1,shared,1536,0.0,0.0,0.0,2026,7,256,joint_particular_adaptation
encoder_conv_2,shared,98432,0.0,0.0,0.0,2026,7,256,joint_particular_adaptation
encoder_conv_3,shared,24640,0.0,0.0,0.0,2026,7,256,joint_particular_adaptation
encoder_conv_4,shared,386,0.0,0.0,0.0,2026,7,256,joint_particular_adaptation
channel_est_conv_1,shared,2816,0.0,0.0,0.0,2026,7,256,joint_particular_adaptation
channel_est_conv_2,shared,98432,0.0,0.0,0.0,2026,7,256,joint_particular_adaptation
channel_est_conv_3,shared,24640,0.0,0.0,0.0,2026,7,256,joint_particular_adaptation
channel_est_conv_4,shared,6176,0.0,0.0,0.0,2026,7,256,joint_particular_adaptation
channel_est_conv_5,shared,291,0.0,0.0,0.0,2026,7,256,joint_particular_adaptation
channel_est_dense_1,shared,40900,0.0,0.0,0.0,2026,7,256,joint_particular_adaptation
estimated_channel,shared,4040,0.0,0.0,0.0,2026,7,256,joint_particular_adaptation
decoder_conv_1,particular,102656,0.029850369319319725,0.00261664588362072,0.0009002834558486938,2026,7,256,joint_particular_adaptation
decoder_res1_input,particular,163968,0.0322846844792366,0.0024244472821694702,0.0010653771460056305,2026,7,256,joint_particular_adaptation
decoder_res1_conv1,shared,82048,0.0,0.0,0.0,2026,7,256,joint_particular_adaptation
decoder_res1_conv2,particular,82048,0.04130767658352852,0.0034887455897578924,0.0010556168854236603,2026,7,256,joint_particular_adaptation
decoder_res2_input,shared,41024,0.0,0.0,0.0,2026,7,256,joint_particular_adaptation
decoder_res2_conv1,shared,20544,0.0,0.0,0.0,2026,7,256,joint_particular_adaptation
decoder_res2_conv2,shared,12352,0.0,0.0,0.0,2026,7,256,joint_particular_adaptation
decoder_conv_final,shared,6176,0.0,0.0,0.0,2026,7,256,joint_particular_adaptation
pred_logits_full,shared,97,0.0,0.0,0.0,2026,7,256,joint_particular_adaptation
encoder_conv_1,shared,1536,0.0,0.0,0.0,2026,7,256,algorithm1_particular_adaptation
encoder_conv_2,shared,98432,0.0,0.0,0.0,2026,7,256,algorithm1_particular_adaptation
encoder_conv_3,shared,24640,0.0,0.0,0.0,2026,7,256,algorithm1_particular_adaptation
encoder_conv_4,shared,386,0.0,0.0,0.0,2026,7,256,algorithm1_particular_adaptation
channel_est_conv_1,shared,2816,0.0,0.0,0.0,2026,7,256,algorithm1_particular_adaptation
channel_est_conv_2,shared,98432,0.0,0.0,0.0,2026,7,256,algorithm1_particular_adaptation
channel_est_conv_3,shared,24640,0.0,0.0,0.0,2026,7,256,algorithm1_particular_adaptation
channel_est_conv_4,shared,6176,0.0,0.0,0.0,2026,7,256,algorithm1_particular_adaptation
channel_est_conv_5,shared,291,0.0,0.0,0.0,2026,7,256,algorithm1_particular_adaptation
channel_est_dense_1,shared,40900,0.0,0.0,0.0,2026,7,256,algorithm1_particular_adaptation
estimated_channel,shared,4040,0.0,0.0,0.0,2026,7,256,algorithm1_particular_adaptation
decoder_conv_1,particular,102656,0.04872080311179161,0.00426900965874769,0.0020917877554893494,2026,7,256,algorithm1_particular_adaptation
decoder_res1_input,particular,163968,0.06276156008243561,0.004711740557977448,0.002248816192150116,2026,7,256,algorithm1_particular_adaptation
decoder_res1_conv1,shared,82048,0.0,0.0,0.0,2026,7,256,algorithm1_particular_adaptation
decoder_res1_conv2,particular,82048,0.08294264227151871,0.00700315728390054,0.0037150420248508453,2026,7,256,algorithm1_particular_adaptation
decoder_res2_input,shared,41024,0.0,0.0,0.0,2026,7,256,algorithm1_particular_adaptation
decoder_res2_conv1,shared,20544,0.0,0.0,0.0,2026,7,256,algorithm1_particular_adaptation
decoder_res2_conv2,shared,12352,0.0,0.0,0.0,2026,7,256,algorithm1_particular_adaptation
decoder_conv_final,shared,6176,0.0,0.0,0.0,2026,7,256,algorithm1_particular_adaptation
pred_logits_full,shared,97,0.0,0.0,0.0,2026,7,256,algorithm1_particular_adaptation
encoder_conv_1,shared,1536,0.0,0.0,0.0,2027,6,64,joint_particular_adaptation
encoder_conv_2,shared,98432,0.0,0.0,0.0,2027,6,64,joint_particular_adaptation
encoder_conv_3,shared,24640,0.0,0.0,0.0,2027,6,64,joint_particular_adaptation
encoder_conv_4,shared,386,0.0,0.0,0.0,2027,6,64,joint_particular_adaptation
channel_est_conv_1,shared,2816,0.0,0.0,0.0,2027,6,64,joint_particular_adaptation
channel_est_conv_2,shared,98432,0.0,0.0,0.0,2027,6,64,joint_particular_adaptation
channel_est_conv_3,shared,24640,0.0,0.0,0.0,2027,6,64,joint_particular_adaptation
channel_est_conv_4,shared,6176,0.0,0.0,0.0,2027,6,64,joint_particular_adaptation
channel_est_conv_5,shared,291,0.0,0.0,0.0,2027,6,64,joint_particular_adaptation
channel_est_dense_1,shared,40900,0.0,0.0,0.0,2027,6,64,joint_particular_adaptation
estimated_channel,shared,4040,0.0,0.0,0.0,2027,6,64,joint_particular_adaptation
decoder_conv_1,particular,102656,0.10090640932321548,0.008845281042674964,0.0019531603902578354,2027,6,64,joint_particular_adaptation
decoder_res1_input,particular,163968,0.10515448451042175,0.007896643568342984,0.001949552446603775,2027,6,64,joint_particular_adaptation
decoder_res1_conv1,shared,82048,0.0,0.0,0.0,2027,6,64,joint_particular_adaptation
decoder_res1_conv2,particular,82048,0.14355343580245972,0.012124171020860854,0.0035222135484218597,2027,6,64,joint_particular_adaptation
decoder_res2_input,shared,41024,0.0,0.0,0.0,2027,6,64,joint_particular_adaptation
decoder_res2_conv1,shared,20544,0.0,0.0,0.0,2027,6,64,joint_particular_adaptation
decoder_res2_conv2,shared,12352,0.0,0.0,0.0,2027,6,64,joint_particular_adaptation
decoder_conv_final,shared,6176,0.0,0.0,0.0,2027,6,64,joint_particular_adaptation
pred_logits_full,shared,97,0.0,0.0,0.0,2027,6,64,joint_particular_adaptation
encoder_conv_1,shared,1536,0.0,0.0,0.0,2027,6,64,algorithm1_particular_adaptation
encoder_conv_2,shared,98432,0.0,0.0,0.0,2027,6,64,algorithm1_particular_adaptation
encoder_conv_3,shared,24640,0.0,0.0,0.0,2027,6,64,algorithm1_particular_adaptation
encoder_conv_4,shared,386,0.0,0.0,0.0,2027,6,64,algorithm1_particular_adaptation
channel_est_conv_1,shared,2816,0.0,0.0,0.0,2027,6,64,algorithm1_particular_adaptation
channel_est_conv_2,shared,98432,0.0,0.0,0.0,2027,6,64,algorithm1_particular_adaptation
channel_est_conv_3,shared,24640,0.0,0.0,0.0,2027,6,64,algorithm1_particular_adaptation
channel_est_conv_4,shared,6176,0.0,0.0,0.0,2027,6,64,algorithm1_particular_adaptation
channel_est_conv_5,shared,291,0.0,0.0,0.0,2027,6,64,algorithm1_particular_adaptation
channel_est_dense_1,shared,40900,0.0,0.0,0.0,2027,6,64,algorithm1_particular_adaptation
estimated_channel,shared,4040,0.0,0.0,0.0,2027,6,64,algorithm1_particular_adaptation
decoder_conv_1,particular,102656,0.25930672883987427,0.022720855039016226,0.008846506476402283,2027,6,64,algorithm1_particular_adaptation
decoder_res1_input,particular,163968,0.5633452534675598,0.04229225554042185,0.006511420011520386,2027,6,64,algorithm1_particular_adaptation
decoder_res1_conv1,shared,82048,0.0,0.0,0.0,2027,6,64,algorithm1_particular_adaptation
decoder_res1_conv2,particular,82048,0.7691084742546082,0.0649385827459524,0.030341006815433502,2027,6,64,algorithm1_particular_adaptation
decoder_res2_input,shared,41024,0.0,0.0,0.0,2027,6,64,algorithm1_particular_adaptation
decoder_res2_conv1,shared,20544,0.0,0.0,0.0,2027,6,64,algorithm1_particular_adaptation
decoder_res2_conv2,shared,12352,0.0,0.0,0.0,2027,6,64,algorithm1_particular_adaptation
decoder_conv_final,shared,6176,0.0,0.0,0.0,2027,6,64,algorithm1_particular_adaptation
pred_logits_full,shared,97,0.0,0.0,0.0,2027,6,64,algorithm1_particular_adaptation
encoder_conv_1,shared,1536,0.0,0.0,0.0,2027,6,128,joint_particular_adaptation
encoder_conv_2,shared,98432,0.0,0.0,0.0,2027,6,128,joint_particular_adaptation
encoder_conv_3,shared,24640,0.0,0.0,0.0,2027,6,128,joint_particular_adaptation
encoder_conv_4,shared,386,0.0,0.0,0.0,2027,6,128,joint_particular_adaptation
channel_est_conv_1,shared,2816,0.0,0.0,0.0,2027,6,128,joint_particular_adaptation
channel_est_conv_2,shared,98432,0.0,0.0,0.0,2027,6,128,joint_particular_adaptation
channel_est_conv_3,shared,24640,0.0,0.0,0.0,2027,6,128,joint_particular_adaptation
channel_est_conv_4,shared,6176,0.0,0.0,0.0,2027,6,128,joint_particular_adaptation
channel_est_conv_5,shared,291,0.0,0.0,0.0,2027,6,128,joint_particular_adaptation
channel_est_dense_1,shared,40900,0.0,0.0,0.0,2027,6,128,joint_particular_adaptation
estimated_channel,shared,4040,0.0,0.0,0.0,2027,6,128,joint_particular_adaptation
decoder_conv_1,particular,102656,0.05505014583468437,0.004825600421359926,0.0016493536531925201,2027,6,128,joint_particular_adaptation
decoder_res1_input,particular,163968,0.06165196746587753,0.0046297941037109274,0.0015741996467113495,2027,6,128,joint_particular_adaptation
decoder_res1_conv1,shared,82048,0.0,0.0,0.0,2027,6,128,joint_particular_adaptation
decoder_res1_conv2,particular,82048,0.08459129184484482,0.007144372988841257,0.0024560801684856415,2027,6,128,joint_particular_adaptation
decoder_res2_input,shared,41024,0.0,0.0,0.0,2027,6,128,joint_particular_adaptation
decoder_res2_conv1,shared,20544,0.0,0.0,0.0,2027,6,128,joint_particular_adaptation
decoder_res2_conv2,shared,12352,0.0,0.0,0.0,2027,6,128,joint_particular_adaptation
decoder_conv_final,shared,6176,0.0,0.0,0.0,2027,6,128,joint_particular_adaptation
pred_logits_full,shared,97,0.0,0.0,0.0,2027,6,128,joint_particular_adaptation
encoder_conv_1,shared,1536,0.0,0.0,0.0,2027,6,128,algorithm1_particular_adaptation
encoder_conv_2,shared,98432,0.0,0.0,0.0,2027,6,128,algorithm1_particular_adaptation
encoder_conv_3,shared,24640,0.0,0.0,0.0,2027,6,128,algorithm1_particular_adaptation
encoder_conv_4,shared,386,0.0,0.0,0.0,2027,6,128,algorithm1_particular_adaptation
channel_est_conv_1,shared,2816,0.0,0.0,0.0,2027,6,128,algorithm1_particular_adaptation
channel_est_conv_2,shared,98432,0.0,0.0,0.0,2027,6,128,algorithm1_particular_adaptation
channel_est_conv_3,shared,24640,0.0,0.0,0.0,2027,6,128,algorithm1_particular_adaptation
channel_est_conv_4,shared,6176,0.0,0.0,0.0,2027,6,128,algorithm1_particular_adaptation
channel_est_conv_5,shared,291,0.0,0.0,0.0,2027,6,128,algorithm1_particular_adaptation
channel_est_dense_1,shared,40900,0.0,0.0,0.0,2027,6,128,algorithm1_particular_adaptation
estimated_channel,shared,4040,0.0,0.0,0.0,2027,6,128,algorithm1_particular_adaptation
decoder_conv_1,particular,102656,0.12947382032871246,0.011344695589650068,0.007454093545675278,2027,6,128,algorithm1_particular_adaptation
decoder_res1_input,particular,163968,0.2795999348163605,0.020990523696708032,0.0057406239211559296,2027,6,128,algorithm1_particular_adaptation
decoder_res1_conv1,shared,82048,0.0,0.0,0.0,2027,6,128,algorithm1_particular_adaptation
decoder_res1_conv2,particular,82048,0.3954007029533386,0.033385097325092025,0.014990746974945068,2027,6,128,algorithm1_particular_adaptation
decoder_res2_input,shared,41024,0.0,0.0,0.0,2027,6,128,algorithm1_particular_adaptation
decoder_res2_conv1,shared,20544,0.0,0.0,0.0,2027,6,128,algorithm1_particular_adaptation
decoder_res2_conv2,shared,12352,0.0,0.0,0.0,2027,6,128,algorithm1_particular_adaptation
decoder_conv_final,shared,6176,0.0,0.0,0.0,2027,6,128,algorithm1_particular_adaptation
pred_logits_full,shared,97,0.0,0.0,0.0,2027,6,128,algorithm1_particular_adaptation
encoder_conv_1,shared,1536,0.0,0.0,0.0,2027,6,256,joint_particular_adaptation
encoder_conv_2,shared,98432,0.0,0.0,0.0,2027,6,256,joint_particular_adaptation
encoder_conv_3,shared,24640,0.0,0.0,0.0,2027,6,256,joint_particular_adaptation
encoder_conv_4,shared,386,0.0,0.0,0.0,2027,6,256,joint_particular_adaptation
channel_est_conv_1,shared,2816,0.0,0.0,0.0,2027,6,256,joint_particular_adaptation
channel_est_conv_2,shared,98432,0.0,0.0,0.0,2027,6,256,joint_particular_adaptation
channel_est_conv_3,shared,24640,0.0,0.0,0.0,2027,6,256,joint_particular_adaptation
channel_est_conv_4,shared,6176,0.0,0.0,0.0,2027,6,256,joint_particular_adaptation
channel_est_conv_5,shared,291,0.0,0.0,0.0,2027,6,256,joint_particular_adaptation
channel_est_dense_1,shared,40900,0.0,0.0,0.0,2027,6,256,joint_particular_adaptation
estimated_channel,shared,4040,0.0,0.0,0.0,2027,6,256,joint_particular_adaptation
decoder_conv_1,particular,102656,0.033605996519327164,0.002945843439740911,0.0009999275207519531,2027,6,256,joint_particular_adaptation
decoder_res1_input,particular,163968,0.03330371156334877,0.0025009636150382483,0.0011106207966804504,2027,6,256,joint_particular_adaptation
decoder_res1_conv1,shared,82048,0.0,0.0,0.0,2027,6,256,joint_particular_adaptation
decoder_res1_conv2,particular,82048,0.0440155453979969,0.0037174449848495755,0.0014043822884559631,2027,6,256,joint_particular_adaptation
decoder_res2_input,shared,41024,0.0,0.0,0.0,2027,6,256,joint_particular_adaptation
decoder_res2_conv1,shared,20544,0.0,0.0,0.0,2027,6,256,joint_particular_adaptation
decoder_res2_conv2,shared,12352,0.0,0.0,0.0,2027,6,256,joint_particular_adaptation
decoder_conv_final,shared,6176,0.0,0.0,0.0,2027,6,256,joint_particular_adaptation
pred_logits_full,shared,97,0.0,0.0,0.0,2027,6,256,joint_particular_adaptation
encoder_conv_1,shared,1536,0.0,0.0,0.0,2027,6,256,algorithm1_particular_adaptation
encoder_conv_2,shared,98432,0.0,0.0,0.0,2027,6,256,algorithm1_particular_adaptation
encoder_conv_3,shared,24640,0.0,0.0,0.0,2027,6,256,algorithm1_particular_adaptation
encoder_conv_4,shared,386,0.0,0.0,0.0,2027,6,256,algorithm1_particular_adaptation
channel_est_conv_1,shared,2816,0.0,0.0,0.0,2027,6,256,algorithm1_particular_adaptation
channel_est_conv_2,shared,98432,0.0,0.0,0.0,2027,6,256,algorithm1_particular_adaptation
channel_est_conv_3,shared,24640,0.0,0.0,0.0,2027,6,256,algorithm1_particular_adaptation
channel_est_conv_4,shared,6176,0.0,0.0,0.0,2027,6,256,algorithm1_particular_adaptation
channel_est_conv_5,shared,291,0.0,0.0,0.0,2027,6,256,algorithm1_particular_adaptation
channel_est_dense_1,shared,40900,0.0,0.0,0.0,2027,6,256,algorithm1_particular_adaptation
estimated_channel,shared,4040,0.0,0.0,0.0,2027,6,256,algorithm1_particular_adaptation
decoder_conv_1,particular,102656,0.05582217872142792,0.004891225292787642,0.0024257898330688477,2027,6,256,algorithm1_particular_adaptation
decoder_res1_input,particular,163968,0.07361117750406265,0.005526242939779099,0.0024613626301288605,2027,6,256,algorithm1_particular_adaptation
decoder_res1_conv1,shared,82048,0.0,0.0,0.0,2027,6,256,algorithm1_particular_adaptation
decoder_res1_conv2,particular,82048,0.08854049444198608,0.007475791019284824,0.0036161281168460846,2027,6,256,algorithm1_particular_adaptation
decoder_res2_input,shared,41024,0.0,0.0,0.0,2027,6,256,algorithm1_particular_adaptation
decoder_res2_conv1,shared,20544,0.0,0.0,0.0,2027,6,256,algorithm1_particular_adaptation
decoder_res2_conv2,shared,12352,0.0,0.0,0.0,2027,6,256,algorithm1_particular_adaptation
decoder_conv_final,shared,6176,0.0,0.0,0.0,2027,6,256,algorithm1_particular_adaptation
pred_logits_full,shared,97,0.0,0.0,0.0,2027,6,256,algorithm1_particular_adaptation
encoder_conv_1,shared,1536,0.0,0.0,0.0,2027,7,64,joint_particular_adaptation
encoder_conv_2,shared,98432,0.0,0.0,0.0,2027,7,64,joint_particular_adaptation
encoder_conv_3,shared,24640,0.0,0.0,0.0,2027,7,64,joint_particular_adaptation
encoder_conv_4,shared,386,0.0,0.0,0.0,2027,7,64,joint_particular_adaptation
channel_est_conv_1,shared,2816,0.0,0.0,0.0,2027,7,64,joint_particular_adaptation
channel_est_conv_2,shared,98432,0.0,0.0,0.0,2027,7,64,joint_particular_adaptation
channel_est_conv_3,shared,24640,0.0,0.0,0.0,2027,7,64,joint_particular_adaptation
channel_est_conv_4,shared,6176,0.0,0.0,0.0,2027,7,64,joint_particular_adaptation
channel_est_conv_5,shared,291,0.0,0.0,0.0,2027,7,64,joint_particular_adaptation
channel_est_dense_1,shared,40900,0.0,0.0,0.0,2027,7,64,joint_particular_adaptation
estimated_channel,shared,4040,0.0,0.0,0.0,2027,7,64,joint_particular_adaptation
decoder_conv_1,particular,102656,0.09602782875299454,0.008417633120978383,0.0022458992898464203,2027,7,64,joint_particular_adaptation
decoder_res1_input,particular,163968,0.09797356277704239,0.007357387637560074,0.0016213767230510712,2027,7,64,joint_particular_adaptation
decoder_res1_conv1,shared,82048,0.0,0.0,0.0,2027,7,64,joint_particular_adaptation
decoder_res1_conv2,particular,82048,0.125900000333786,0.01063320516879684,0.003449544310569763,2027,7,64,joint_particular_adaptation
decoder_res2_input,shared,41024,0.0,0.0,0.0,2027,7,64,joint_particular_adaptation
decoder_res2_conv1,shared,20544,0.0,0.0,0.0,2027,7,64,joint_particular_adaptation
decoder_res2_conv2,shared,12352,0.0,0.0,0.0,2027,7,64,joint_particular_adaptation
decoder_conv_final,shared,6176,0.0,0.0,0.0,2027,7,64,joint_particular_adaptation
pred_logits_full,shared,97,0.0,0.0,0.0,2027,7,64,joint_particular_adaptation
encoder_conv_1,shared,1536,0.0,0.0,0.0,2027,7,64,algorithm1_particular_adaptation
encoder_conv_2,shared,98432,0.0,0.0,0.0,2027,7,64,algorithm1_particular_adaptation
encoder_conv_3,shared,24640,0.0,0.0,0.0,2027,7,64,algorithm1_particular_adaptation
encoder_conv_4,shared,386,0.0,0.0,0.0,2027,7,64,algorithm1_particular_adaptation
channel_est_conv_1,shared,2816,0.0,0.0,0.0,2027,7,64,algorithm1_particular_adaptation
channel_est_conv_2,shared,98432,0.0,0.0,0.0,2027,7,64,algorithm1_particular_adaptation
channel_est_conv_3,shared,24640,0.0,0.0,0.0,2027,7,64,algorithm1_particular_adaptation
channel_est_conv_4,shared,6176,0.0,0.0,0.0,2027,7,64,algorithm1_particular_adaptation
channel_est_conv_5,shared,291,0.0,0.0,0.0,2027,7,64,algorithm1_particular_adaptation
channel_est_dense_1,shared,40900,0.0,0.0,0.0,2027,7,64,algorithm1_particular_adaptation
estimated_channel,shared,4040,0.0,0.0,0.0,2027,7,64,algorithm1_particular_adaptation
decoder_conv_1,particular,102656,0.16525934636592865,0.014480278508088784,0.005680903792381287,2027,7,64,algorithm1_particular_adaptation
decoder_res1_input,particular,163968,0.3708514869213104,0.02784108991046046,0.005277527496218681,2027,7,64,algorithm1_particular_adaptation
decoder_res1_conv1,shared,82048,0.0,0.0,0.0,2027,7,64,algorithm1_particular_adaptation
decoder_res1_conv2,particular,82048,0.5039068460464478,0.04254665955924238,0.01865004003047943,2027,7,64,algorithm1_particular_adaptation
decoder_res2_input,shared,41024,0.0,0.0,0.0,2027,7,64,algorithm1_particular_adaptation
decoder_res2_conv1,shared,20544,0.0,0.0,0.0,2027,7,64,algorithm1_particular_adaptation
decoder_res2_conv2,shared,12352,0.0,0.0,0.0,2027,7,64,algorithm1_particular_adaptation
decoder_conv_final,shared,6176,0.0,0.0,0.0,2027,7,64,algorithm1_particular_adaptation
pred_logits_full,shared,97,0.0,0.0,0.0,2027,7,64,algorithm1_particular_adaptation
encoder_conv_1,shared,1536,0.0,0.0,0.0,2027,7,128,joint_particular_adaptation
encoder_conv_2,shared,98432,0.0,0.0,0.0,2027,7,128,joint_particular_adaptation
encoder_conv_3,shared,24640,0.0,0.0,0.0,2027,7,128,joint_particular_adaptation
encoder_conv_4,shared,386,0.0,0.0,0.0,2027,7,128,joint_particular_adaptation
channel_est_conv_1,shared,2816,0.0,0.0,0.0,2027,7,128,joint_particular_adaptation
channel_est_conv_2,shared,98432,0.0,0.0,0.0,2027,7,128,joint_particular_adaptation
channel_est_conv_3,shared,24640,0.0,0.0,0.0,2027,7,128,joint_particular_adaptation
channel_est_conv_4,shared,6176,0.0,0.0,0.0,2027,7,128,joint_particular_adaptation
channel_est_conv_5,shared,291,0.0,0.0,0.0,2027,7,128,joint_particular_adaptation
channel_est_dense_1,shared,40900,0.0,0.0,0.0,2027,7,128,joint_particular_adaptation
estimated_channel,shared,4040,0.0,0.0,0.0,2027,7,128,joint_particular_adaptation
decoder_conv_1,particular,102656,0.053044889122247696,0.004649823091622636,0.0012201499193906784,2027,7,128,joint_particular_adaptation
decoder_res1_input,particular,163968,0.059413205832242966,0.004461672860593223,0.0016803741455078125,2027,7,128,joint_particular_adaptation
decoder_res1_conv1,shared,82048,0.0,0.0,0.0,2027,7,128,joint_particular_adaptation
decoder_res1_conv2,particular,82048,0.08128537237644196,0.006865163140661343,0.0022132880985736847,2027,7,128,joint_particular_adaptation
decoder_res2_input,shared,41024,0.0,0.0,0.0,2027,7,128,joint_particular_adaptation
decoder_res2_conv1,shared,20544,0.0,0.0,0.0,2027,7,128,joint_particular_adaptation
decoder_res2_conv2,shared,12352,0.0,0.0,0.0,2027,7,128,joint_particular_adaptation
decoder_conv_final,shared,6176,0.0,0.0,0.0,2027,7,128,joint_particular_adaptation
pred_logits_full,shared,97,0.0,0.0,0.0,2027,7,128,joint_particular_adaptation
encoder_conv_1,shared,1536,0.0,0.0,0.0,2027,7,128,algorithm1_particular_adaptation
encoder_conv_2,shared,98432,0.0,0.0,0.0,2027,7,128,algorithm1_particular_adaptation
encoder_conv_3,shared,24640,0.0,0.0,0.0,2027,7,128,algorithm1_particular_adaptation
encoder_conv_4,shared,386,0.0,0.0,0.0,2027,7,128,algorithm1_particular_adaptation
channel_est_conv_1,shared,2816,0.0,0.0,0.0,2027,7,128,algorithm1_particular_adaptation
channel_est_conv_2,shared,98432,0.0,0.0,0.0,2027,7,128,algorithm1_particular_adaptation
channel_est_conv_3,shared,24640,0.0,0.0,0.0,2027,7,128,algorithm1_particular_adaptation
channel_est_conv_4,shared,6176,0.0,0.0,0.0,2027,7,128,algorithm1_particular_adaptation
channel_est_conv_5,shared,291,0.0,0.0,0.0,2027,7,128,algorithm1_particular_adaptation
channel_est_dense_1,shared,40900,0.0,0.0,0.0,2027,7,128,algorithm1_particular_adaptation
estimated_channel,shared,4040,0.0,0.0,0.0,2027,7,128,algorithm1_particular_adaptation
decoder_conv_1,particular,102656,0.11162721365690231,0.009780948420640296,0.006828278303146362,2027,7,128,algorithm1_particular_adaptation
decoder_res1_input,particular,163968,0.24851052463054657,0.018656535308439578,0.0053641535341739655,2027,7,128,algorithm1_particular_adaptation
decoder_res1_conv1,shared,82048,0.0,0.0,0.0,2027,7,128,algorithm1_particular_adaptation
decoder_res1_conv2,particular,82048,0.36453044414520264,0.030778610824024725,0.013951826840639114,2027,7,128,algorithm1_particular_adaptation
decoder_res2_input,shared,41024,0.0,0.0,0.0,2027,7,128,algorithm1_particular_adaptation
decoder_res2_conv1,shared,20544,0.0,0.0,0.0,2027,7,128,algorithm1_particular_adaptation
decoder_res2_conv2,shared,12352,0.0,0.0,0.0,2027,7,128,algorithm1_particular_adaptation
decoder_conv_final,shared,6176,0.0,0.0,0.0,2027,7,128,algorithm1_particular_adaptation
pred_logits_full,shared,97,0.0,0.0,0.0,2027,7,128,algorithm1_particular_adaptation
encoder_conv_1,shared,1536,0.0,0.0,0.0,2027,7,256,joint_particular_adaptation
encoder_conv_2,shared,98432,0.0,0.0,0.0,2027,7,256,joint_particular_adaptation
encoder_conv_3,shared,24640,0.0,0.0,0.0,2027,7,256,joint_particular_adaptation
encoder_conv_4,shared,386,0.0,0.0,0.0,2027,7,256,joint_particular_adaptation
channel_est_conv_1,shared,2816,0.0,0.0,0.0,2027,7,256,joint_particular_adaptation
channel_est_conv_2,shared,98432,0.0,0.0,0.0,2027,7,256,joint_particular_adaptation
channel_est_conv_3,shared,24640,0.0,0.0,0.0,2027,7,256,joint_particular_adaptation
channel_est_conv_4,shared,6176,0.0,0.0,0.0,2027,7,256,joint_particular_adaptation
channel_est_conv_5,shared,291,0.0,0.0,0.0,2027,7,256,joint_particular_adaptation
channel_est_dense_1,shared,40900,0.0,0.0,0.0,2027,7,256,joint_particular_adaptation
estimated_channel,shared,4040,0.0,0.0,0.0,2027,7,256,joint_particular_adaptation
decoder_conv_1,particular,102656,0.029681090265512466,0.002601792956585365,0.001201435923576355,2027,7,256,joint_particular_adaptation
decoder_res1_input,particular,163968,0.03142526000738144,0.0023599000886757263,0.0011091232299804688,2027,7,256,joint_particular_adaptation
decoder_res1_conv1,shared,82048,0.0,0.0,0.0,2027,7,256,joint_particular_adaptation
decoder_res1_conv2,particular,82048,0.03974393755197525,0.003356675465334319,0.0010744575411081314,2027,7,256,joint_particular_adaptation
decoder_res2_input,shared,41024,0.0,0.0,0.0,2027,7,256,joint_particular_adaptation
decoder_res2_conv1,shared,20544,0.0,0.0,0.0,2027,7,256,joint_particular_adaptation
decoder_res2_conv2,shared,12352,0.0,0.0,0.0,2027,7,256,joint_particular_adaptation
decoder_conv_final,shared,6176,0.0,0.0,0.0,2027,7,256,joint_particular_adaptation
pred_logits_full,shared,97,0.0,0.0,0.0,2027,7,256,joint_particular_adaptation
encoder_conv_1,shared,1536,0.0,0.0,0.0,2027,7,256,algorithm1_particular_adaptation
encoder_conv_2,shared,98432,0.0,0.0,0.0,2027,7,256,algorithm1_particular_adaptation
encoder_conv_3,shared,24640,0.0,0.0,0.0,2027,7,256,algorithm1_particular_adaptation
encoder_conv_4,shared,386,0.0,0.0,0.0,2027,7,256,algorithm1_particular_adaptation
channel_est_conv_1,shared,2816,0.0,0.0,0.0,2027,7,256,algorithm1_particular_adaptation
channel_est_conv_2,shared,98432,0.0,0.0,0.0,2027,7,256,algorithm1_particular_adaptation
channel_est_conv_3,shared,24640,0.0,0.0,0.0,2027,7,256,algorithm1_particular_adaptation
channel_est_conv_4,shared,6176,0.0,0.0,0.0,2027,7,256,algorithm1_particular_adaptation
channel_est_conv_5,shared,291,0.0,0.0,0.0,2027,7,256,algorithm1_particular_adaptation
channel_est_dense_1,shared,40900,0.0,0.0,0.0,2027,7,256,algorithm1_particular_adaptation
estimated_channel,shared,4040,0.0,0.0,0.0,2027,7,256,algorithm1_particular_adaptation
decoder_conv_1,particular,102656,0.04240460693836212,0.00371555698359044,0.0011441968381404877,2027,7,256,algorithm1_particular_adaptation
decoder_res1_input,particular,163968,0.04212498292326927,0.00316246658946848,0.0013993661850690842,2027,7,256,algorithm1_particular_adaptation
decoder_res1_conv1,shared,82048,0.0,0.0,0.0,2027,7,256,algorithm1_particular_adaptation
decoder_res1_conv2,particular,82048,0.042134594172239304,0.0035575746747204587,0.0015884600579738617,2027,7,256,algorithm1_particular_adaptation
decoder_res2_input,shared,41024,0.0,0.0,0.0,2027,7,256,algorithm1_particular_adaptation
decoder_res2_conv1,shared,20544,0.0,0.0,0.0,2027,7,256,algorithm1_particular_adaptation
decoder_res2_conv2,shared,12352,0.0,0.0,0.0,2027,7,256,algorithm1_particular_adaptation
decoder_conv_final,shared,6176,0.0,0.0,0.0,2027,7,256,algorithm1_particular_adaptation
pred_logits_full,shared,97,0.0,0.0,0.0,2027,7,256,algorithm1_particular_adaptation
encoder_conv_1,shared,1536,0.0,0.0,0.0,2028,6,64,joint_particular_adaptation
encoder_conv_2,shared,98432,0.0,0.0,0.0,2028,6,64,joint_particular_adaptation
encoder_conv_3,shared,24640,0.0,0.0,0.0,2028,6,64,joint_particular_adaptation
encoder_conv_4,shared,386,0.0,0.0,0.0,2028,6,64,joint_particular_adaptation
channel_est_conv_1,shared,2816,0.0,0.0,0.0,2028,6,64,joint_particular_adaptation
channel_est_conv_2,shared,98432,0.0,0.0,0.0,2028,6,64,joint_particular_adaptation
channel_est_conv_3,shared,24640,0.0,0.0,0.0,2028,6,64,joint_particular_adaptation
channel_est_conv_4,shared,6176,0.0,0.0,0.0,2028,6,64,joint_particular_adaptation
channel_est_conv_5,shared,291,0.0,0.0,0.0,2028,6,64,joint_particular_adaptation
channel_est_dense_1,shared,40900,0.0,0.0,0.0,2028,6,64,joint_particular_adaptation
estimated_channel,shared,4040,0.0,0.0,0.0,2028,6,64,joint_particular_adaptation
decoder_conv_1,particular,102656,0.09886195510625839,0.00866625102011856,0.0031259236857295036,2028,6,64,joint_particular_adaptation
decoder_res1_input,particular,163968,0.1036868765950203,0.007786552503395536,0.002113073132932186,2028,6,64,joint_particular_adaptation
decoder_res1_conv1,shared,82048,0.0,0.0,0.0,2028,6,64,joint_particular_adaptation
decoder_res1_conv2,particular,82048,0.13202343881130219,0.01115060568063238,0.003905203193426132,2028,6,64,joint_particular_adaptation
decoder_res2_input,shared,41024,0.0,0.0,0.0,2028,6,64,joint_particular_adaptation
decoder_res2_conv1,shared,20544,0.0,0.0,0.0,2028,6,64,joint_particular_adaptation
decoder_res2_conv2,shared,12352,0.0,0.0,0.0,2028,6,64,joint_particular_adaptation
decoder_conv_final,shared,6176,0.0,0.0,0.0,2028,6,64,joint_particular_adaptation
pred_logits_full,shared,97,0.0,0.0,0.0,2028,6,64,joint_particular_adaptation
encoder_conv_1,shared,1536,0.0,0.0,0.0,2028,6,64,algorithm1_particular_adaptation
encoder_conv_2,shared,98432,0.0,0.0,0.0,2028,6,64,algorithm1_particular_adaptation
encoder_conv_3,shared,24640,0.0,0.0,0.0,2028,6,64,algorithm1_particular_adaptation
encoder_conv_4,shared,386,0.0,0.0,0.0,2028,6,64,algorithm1_particular_adaptation
channel_est_conv_1,shared,2816,0.0,0.0,0.0,2028,6,64,algorithm1_particular_adaptation
channel_est_conv_2,shared,98432,0.0,0.0,0.0,2028,6,64,algorithm1_particular_adaptation
channel_est_conv_3,shared,24640,0.0,0.0,0.0,2028,6,64,algorithm1_particular_adaptation
channel_est_conv_4,shared,6176,0.0,0.0,0.0,2028,6,64,algorithm1_particular_adaptation
channel_est_conv_5,shared,291,0.0,0.0,0.0,2028,6,64,algorithm1_particular_adaptation
channel_est_dense_1,shared,40900,0.0,0.0,0.0,2028,6,64,algorithm1_particular_adaptation
estimated_channel,shared,4040,0.0,0.0,0.0,2028,6,64,algorithm1_particular_adaptation
decoder_conv_1,particular,102656,0.21679508686065674,0.01899587662204556,0.007439428940415382,2028,6,64,algorithm1_particular_adaptation
decoder_res1_input,particular,163968,0.4584009647369385,0.03441368192798395,0.006486063823103905,2028,6,64,algorithm1_particular_adaptation
decoder_res1_conv1,shared,82048,0.0,0.0,0.0,2028,6,64,algorithm1_particular_adaptation
decoder_res1_conv2,particular,82048,0.5853354334831238,0.049421696192760906,0.01979827508330345,2028,6,64,algorithm1_particular_adaptation
decoder_res2_input,shared,41024,0.0,0.0,0.0,2028,6,64,algorithm1_particular_adaptation
decoder_res2_conv1,shared,20544,0.0,0.0,0.0,2028,6,64,algorithm1_particular_adaptation
decoder_res2_conv2,shared,12352,0.0,0.0,0.0,2028,6,64,algorithm1_particular_adaptation
decoder_conv_final,shared,6176,0.0,0.0,0.0,2028,6,64,algorithm1_particular_adaptation
pred_logits_full,shared,97,0.0,0.0,0.0,2028,6,64,algorithm1_particular_adaptation
encoder_conv_1,shared,1536,0.0,0.0,0.0,2028,6,128,joint_particular_adaptation
encoder_conv_2,shared,98432,0.0,0.0,0.0,2028,6,128,joint_particular_adaptation
encoder_conv_3,shared,24640,0.0,0.0,0.0,2028,6,128,joint_particular_adaptation
encoder_conv_4,shared,386,0.0,0.0,0.0,2028,6,128,joint_particular_adaptation
channel_est_conv_1,shared,2816,0.0,0.0,0.0,2028,6,128,joint_particular_adaptation
channel_est_conv_2,shared,98432,0.0,0.0,0.0,2028,6,128,joint_particular_adaptation
channel_est_conv_3,shared,24640,0.0,0.0,0.0,2028,6,128,joint_particular_adaptation
channel_est_conv_4,shared,6176,0.0,0.0,0.0,2028,6,128,joint_particular_adaptation
channel_est_conv_5,shared,291,0.0,0.0,0.0,2028,6,128,joint_particular_adaptation
channel_est_dense_1,shared,40900,0.0,0.0,0.0,2028,6,128,joint_particular_adaptation
estimated_channel,shared,4040,0.0,0.0,0.0,2028,6,128,joint_particular_adaptation
decoder_conv_1,particular,102656,0.05976065248250961,0.005238626071908569,0.0014732778072357178,2028,6,128,joint_particular_adaptation
decoder_res1_input,particular,163968,0.061634328216314316,0.004628540741393045,0.001918889582157135,2028,6,128,joint_particular_adaptation
decoder_res1_conv1,shared,82048,0.0,0.0,0.0,2028,6,128,joint_particular_adaptation
decoder_res1_conv2,particular,82048,0.08191835880279541,0.006918766283008945,0.0026892125606536865,2028,6,128,joint_particular_adaptation
decoder_res2_input,shared,41024,0.0,0.0,0.0,2028,6,128,joint_particular_adaptation
decoder_res2_conv1,shared,20544,0.0,0.0,0.0,2028,6,128,joint_particular_adaptation
decoder_res2_conv2,shared,12352,0.0,0.0,0.0,2028,6,128,joint_particular_adaptation
decoder_conv_final,shared,6176,0.0,0.0,0.0,2028,6,128,joint_particular_adaptation
pred_logits_full,shared,97,0.0,0.0,0.0,2028,6,128,joint_particular_adaptation
encoder_conv_1,shared,1536,0.0,0.0,0.0,2028,6,128,algorithm1_particular_adaptation
encoder_conv_2,shared,98432,0.0,0.0,0.0,2028,6,128,algorithm1_particular_adaptation
encoder_conv_3,shared,24640,0.0,0.0,0.0,2028,6,128,algorithm1_particular_adaptation
encoder_conv_4,shared,386,0.0,0.0,0.0,2028,6,128,algorithm1_particular_adaptation
channel_est_conv_1,shared,2816,0.0,0.0,0.0,2028,6,128,algorithm1_particular_adaptation
channel_est_conv_2,shared,98432,0.0,0.0,0.0,2028,6,128,algorithm1_particular_adaptation
channel_est_conv_3,shared,24640,0.0,0.0,0.0,2028,6,128,algorithm1_particular_adaptation
channel_est_conv_4,shared,6176,0.0,0.0,0.0,2028,6,128,algorithm1_particular_adaptation
channel_est_conv_5,shared,291,0.0,0.0,0.0,2028,6,128,algorithm1_particular_adaptation
channel_est_dense_1,shared,40900,0.0,0.0,0.0,2028,6,128,algorithm1_particular_adaptation
estimated_channel,shared,4040,0.0,0.0,0.0,2028,6,128,algorithm1_particular_adaptation
decoder_conv_1,particular,102656,0.1276795119047165,0.011187450280475625,0.006662871688604355,2028,6,128,algorithm1_particular_adaptation
decoder_res1_input,particular,163968,0.2610732316970825,0.019599634046778596,0.005153496749699116,2028,6,128,algorithm1_particular_adaptation
decoder_res1_conv1,shared,82048,0.0,0.0,0.0,2028,6,128,algorithm1_particular_adaptation
decoder_res1_conv2,particular,82048,0.3703916370868683,0.03127332109644842,0.012086208909749985,2028,6,128,algorithm1_particular_adaptation
decoder_res2_input,shared,41024,0.0,0.0,0.0,2028,6,128,algorithm1_particular_adaptation
decoder_res2_conv1,shared,20544,0.0,0.0,0.0,2028,6,128,algorithm1_particular_adaptation
decoder_res2_conv2,shared,12352,0.0,0.0,0.0,2028,6,128,algorithm1_particular_adaptation
decoder_conv_final,shared,6176,0.0,0.0,0.0,2028,6,128,algorithm1_particular_adaptation
pred_logits_full,shared,97,0.0,0.0,0.0,2028,6,128,algorithm1_particular_adaptation
encoder_conv_1,shared,1536,0.0,0.0,0.0,2028,6,256,joint_particular_adaptation
encoder_conv_2,shared,98432,0.0,0.0,0.0,2028,6,256,joint_particular_adaptation
encoder_conv_3,shared,24640,0.0,0.0,0.0,2028,6,256,joint_particular_adaptation
encoder_conv_4,shared,386,0.0,0.0,0.0,2028,6,256,joint_particular_adaptation
channel_est_conv_1,shared,2816,0.0,0.0,0.0,2028,6,256,joint_particular_adaptation
channel_est_conv_2,shared,98432,0.0,0.0,0.0,2028,6,256,joint_particular_adaptation
channel_est_conv_3,shared,24640,0.0,0.0,0.0,2028,6,256,joint_particular_adaptation
channel_est_conv_4,shared,6176,0.0,0.0,0.0,2028,6,256,joint_particular_adaptation
channel_est_conv_5,shared,291,0.0,0.0,0.0,2028,6,256,joint_particular_adaptation
channel_est_dense_1,shared,40900,0.0,0.0,0.0,2028,6,256,joint_particular_adaptation
estimated_channel,shared,4040,0.0,0.0,0.0,2028,6,256,joint_particular_adaptation
decoder_conv_1,particular,102656,0.0314202606678009,0.002754303875257704,0.0010670963674783707,2028,6,256,joint_particular_adaptation
decoder_res1_input,particular,163968,0.03061566688120365,0.002299138573997793,0.001188185065984726,2028,6,256,joint_particular_adaptation
decoder_res1_conv1,shared,82048,0.0,0.0,0.0,2028,6,256,joint_particular_adaptation
decoder_res1_conv2,particular,82048,0.03769398853182793,0.0031836074445040934,0.0016012489795684814,2028,6,256,joint_particular_adaptation
decoder_res2_input,shared,41024,0.0,0.0,0.0,2028,6,256,joint_particular_adaptation
decoder_res2_conv1,shared,20544,0.0,0.0,0.0,2028,6,256,joint_particular_adaptation
decoder_res2_conv2,shared,12352,0.0,0.0,0.0,2028,6,256,joint_particular_adaptation
decoder_conv_final,shared,6176,0.0,0.0,0.0,2028,6,256,joint_particular_adaptation
pred_logits_full,shared,97,0.0,0.0,0.0,2028,6,256,joint_particular_adaptation
encoder_conv_1,shared,1536,0.0,0.0,0.0,2028,6,256,algorithm1_particular_adaptation
encoder_conv_2,shared,98432,0.0,0.0,0.0,2028,6,256,algorithm1_particular_adaptation
encoder_conv_3,shared,24640,0.0,0.0,0.0,2028,6,256,algorithm1_particular_adaptation
encoder_conv_4,shared,386,0.0,0.0,0.0,2028,6,256,algorithm1_particular_adaptation
channel_est_conv_1,shared,2816,0.0,0.0,0.0,2028,6,256,algorithm1_particular_adaptation
channel_est_conv_2,shared,98432,0.0,0.0,0.0,2028,6,256,algorithm1_particular_adaptation
channel_est_conv_3,shared,24640,0.0,0.0,0.0,2028,6,256,algorithm1_particular_adaptation
channel_est_conv_4,shared,6176,0.0,0.0,0.0,2028,6,256,algorithm1_particular_adaptation
channel_est_conv_5,shared,291,0.0,0.0,0.0,2028,6,256,algorithm1_particular_adaptation
channel_est_dense_1,shared,40900,0.0,0.0,0.0,2028,6,256,algorithm1_particular_adaptation
estimated_channel,shared,4040,0.0,0.0,0.0,2028,6,256,algorithm1_particular_adaptation
decoder_conv_1,particular,102656,0.04356823489069939,0.003817507244322239,0.001044727861881256,2028,6,256,algorithm1_particular_adaptation
decoder_res1_input,particular,163968,0.04243001341819763,0.0031853619392181913,0.0012078117579221725,2028,6,256,algorithm1_particular_adaptation
decoder_res1_conv1,shared,82048,0.0,0.0,0.0,2028,6,256,algorithm1_particular_adaptation
decoder_res1_conv2,particular,82048,0.04330601915717125,0.0036564622602252017,0.0015401393175125122,2028,6,256,algorithm1_particular_adaptation
decoder_res2_input,shared,41024,0.0,0.0,0.0,2028,6,256,algorithm1_particular_adaptation
decoder_res2_conv1,shared,20544,0.0,0.0,0.0,2028,6,256,algorithm1_particular_adaptation
decoder_res2_conv2,shared,12352,0.0,0.0,0.0,2028,6,256,algorithm1_particular_adaptation
decoder_conv_final,shared,6176,0.0,0.0,0.0,2028,6,256,algorithm1_particular_adaptation
pred_logits_full,shared,97,0.0,0.0,0.0,2028,6,256,algorithm1_particular_adaptation
encoder_conv_1,shared,1536,0.0,0.0,0.0,2028,7,64,joint_particular_adaptation
encoder_conv_2,shared,98432,0.0,0.0,0.0,2028,7,64,joint_particular_adaptation
encoder_conv_3,shared,24640,0.0,0.0,0.0,2028,7,64,joint_particular_adaptation
encoder_conv_4,shared,386,0.0,0.0,0.0,2028,7,64,joint_particular_adaptation
channel_est_conv_1,shared,2816,0.0,0.0,0.0,2028,7,64,joint_particular_adaptation
channel_est_conv_2,shared,98432,0.0,0.0,0.0,2028,7,64,joint_particular_adaptation
channel_est_conv_3,shared,24640,0.0,0.0,0.0,2028,7,64,joint_particular_adaptation
channel_est_conv_4,shared,6176,0.0,0.0,0.0,2028,7,64,joint_particular_adaptation
channel_est_conv_5,shared,291,0.0,0.0,0.0,2028,7,64,joint_particular_adaptation
channel_est_dense_1,shared,40900,0.0,0.0,0.0,2028,7,64,joint_particular_adaptation
estimated_channel,shared,4040,0.0,0.0,0.0,2028,7,64,joint_particular_adaptation
decoder_conv_1,particular,102656,0.09302251040935516,0.008154364587091099,0.0023354291915893555,2028,7,64,joint_particular_adaptation
decoder_res1_input,particular,163968,0.1110752746462822,0.008341397544845064,0.0027011744678020477,2028,7,64,joint_particular_adaptation
decoder_res1_conv1,shared,82048,0.0,0.0,0.0,2028,7,64,joint_particular_adaptation
decoder_res1_conv2,particular,82048,0.15673677623271942,0.013237876570708977,0.003806374967098236,2028,7,64,joint_particular_adaptation
decoder_res2_input,shared,41024,0.0,0.0,0.0,2028,7,64,joint_particular_adaptation
decoder_res2_conv1,shared,20544,0.0,0.0,0.0,2028,7,64,joint_particular_adaptation
decoder_res2_conv2,shared,12352,0.0,0.0,0.0,2028,7,64,joint_particular_adaptation
decoder_conv_final,shared,6176,0.0,0.0,0.0,2028,7,64,joint_particular_adaptation
pred_logits_full,shared,97,0.0,0.0,0.0,2028,7,64,joint_particular_adaptation
encoder_conv_1,shared,1536,0.0,0.0,0.0,2028,7,64,algorithm1_particular_adaptation
encoder_conv_2,shared,98432,0.0,0.0,0.0,2028,7,64,algorithm1_particular_adaptation
encoder_conv_3,shared,24640,0.0,0.0,0.0,2028,7,64,algorithm1_particular_adaptation
encoder_conv_4,shared,386,0.0,0.0,0.0,2028,7,64,algorithm1_particular_adaptation
channel_est_conv_1,shared,2816,0.0,0.0,0.0,2028,7,64,algorithm1_particular_adaptation
channel_est_conv_2,shared,98432,0.0,0.0,0.0,2028,7,64,algorithm1_particular_adaptation
channel_est_conv_3,shared,24640,0.0,0.0,0.0,2028,7,64,algorithm1_particular_adaptation
channel_est_conv_4,shared,6176,0.0,0.0,0.0,2028,7,64,algorithm1_particular_adaptation
channel_est_conv_5,shared,291,0.0,0.0,0.0,2028,7,64,algorithm1_particular_adaptation
channel_est_dense_1,shared,40900,0.0,0.0,0.0,2028,7,64,algorithm1_particular_adaptation
estimated_channel,shared,4040,0.0,0.0,0.0,2028,7,64,algorithm1_particular_adaptation
decoder_conv_1,particular,102656,0.24391669034957886,0.02137230793849299,0.007716462016105652,2028,7,64,algorithm1_particular_adaptation
decoder_res1_input,particular,163968,0.5036281943321228,0.03780904017001069,0.00703725591301918,2028,7,64,algorithm1_particular_adaptation
decoder_res1_conv1,shared,82048,0.0,0.0,0.0,2028,7,64,algorithm1_particular_adaptation
decoder_res1_conv2,particular,82048,0.6747751235961914,0.056973368173456315,0.02130577154457569,2028,7,64,algorithm1_particular_adaptation
decoder_res2_input,shared,41024,0.0,0.0,0.0,2028,7,64,algorithm1_particular_adaptation
decoder_res2_conv1,shared,20544,0.0,0.0,0.0,2028,7,64,algorithm1_particular_adaptation
decoder_res2_conv2,shared,12352,0.0,0.0,0.0,2028,7,64,algorithm1_particular_adaptation
decoder_conv_final,shared,6176,0.0,0.0,0.0,2028,7,64,algorithm1_particular_adaptation
pred_logits_full,shared,97,0.0,0.0,0.0,2028,7,64,algorithm1_particular_adaptation
encoder_conv_1,shared,1536,0.0,0.0,0.0,2028,7,128,joint_particular_adaptation
encoder_conv_2,shared,98432,0.0,0.0,0.0,2028,7,128,joint_particular_adaptation
encoder_conv_3,shared,24640,0.0,0.0,0.0,2028,7,128,joint_particular_adaptation
encoder_conv_4,shared,386,0.0,0.0,0.0,2028,7,128,joint_particular_adaptation
channel_est_conv_1,shared,2816,0.0,0.0,0.0,2028,7,128,joint_particular_adaptation
channel_est_conv_2,shared,98432,0.0,0.0,0.0,2028,7,128,joint_particular_adaptation
channel_est_conv_3,shared,24640,0.0,0.0,0.0,2028,7,128,joint_particular_adaptation
channel_est_conv_4,shared,6176,0.0,0.0,0.0,2028,7,128,joint_particular_adaptation
channel_est_conv_5,shared,291,0.0,0.0,0.0,2028,7,128,joint_particular_adaptation
channel_est_dense_1,shared,40900,0.0,0.0,0.0,2028,7,128,joint_particular_adaptation
estimated_channel,shared,4040,0.0,0.0,0.0,2028,7,128,joint_particular_adaptation
decoder_conv_1,particular,102656,0.051323048770427704,0.004498984703309365,0.0015240907669067383,2028,7,128,joint_particular_adaptation
decoder_res1_input,particular,163968,0.05781007185578346,0.004341351331164943,0.0018178336322307587,2028,7,128,joint_particular_adaptation
decoder_res1_conv1,shared,82048,0.0,0.0,0.0,2028,7,128,joint_particular_adaptation
decoder_res1_conv2,particular,82048,0.08025531470775604,0.00677830676233404,0.0020359233021736145,2028,7,128,joint_particular_adaptation
decoder_res2_input,shared,41024,0.0,0.0,0.0,2028,7,128,joint_particular_adaptation
decoder_res2_conv1,shared,20544,0.0,0.0,0.0,2028,7,128,joint_particular_adaptation
decoder_res2_conv2,shared,12352,0.0,0.0,0.0,2028,7,128,joint_particular_adaptation
decoder_conv_final,shared,6176,0.0,0.0,0.0,2028,7,128,joint_particular_adaptation
pred_logits_full,shared,97,0.0,0.0,0.0,2028,7,128,joint_particular_adaptation
encoder_conv_1,shared,1536,0.0,0.0,0.0,2028,7,128,algorithm1_particular_adaptation
encoder_conv_2,shared,98432,0.0,0.0,0.0,2028,7,128,algorithm1_particular_adaptation
encoder_conv_3,shared,24640,0.0,0.0,0.0,2028,7,128,algorithm1_particular_adaptation
encoder_conv_4,shared,386,0.0,0.0,0.0,2028,7,128,algorithm1_particular_adaptation
channel_est_conv_1,shared,2816,0.0,0.0,0.0,2028,7,128,algorithm1_particular_adaptation
channel_est_conv_2,shared,98432,0.0,0.0,0.0,2028,7,128,algorithm1_particular_adaptation
channel_est_conv_3,shared,24640,0.0,0.0,0.0,2028,7,128,algorithm1_particular_adaptation
channel_est_conv_4,shared,6176,0.0,0.0,0.0,2028,7,128,algorithm1_particular_adaptation
channel_est_conv_5,shared,291,0.0,0.0,0.0,2028,7,128,algorithm1_particular_adaptation
channel_est_dense_1,shared,40900,0.0,0.0,0.0,2028,7,128,algorithm1_particular_adaptation
estimated_channel,shared,4040,0.0,0.0,0.0,2028,7,128,algorithm1_particular_adaptation
decoder_conv_1,particular,102656,0.1268802434206009,0.011117417302643854,0.006251342594623566,2028,7,128,algorithm1_particular_adaptation
decoder_res1_input,particular,163968,0.260221004486084,0.019535654521372257,0.00597199983894825,2028,7,128,algorithm1_particular_adaptation
decoder_res1_conv1,shared,82048,0.0,0.0,0.0,2028,7,128,algorithm1_particular_adaptation
decoder_res1_conv2,particular,82048,0.375805139541626,0.031730399992331654,0.015560213476419449,2028,7,128,algorithm1_particular_adaptation
decoder_res2_input,shared,41024,0.0,0.0,0.0,2028,7,128,algorithm1_particular_adaptation
decoder_res2_conv1,shared,20544,0.0,0.0,0.0,2028,7,128,algorithm1_particular_adaptation
decoder_res2_conv2,shared,12352,0.0,0.0,0.0,2028,7,128,algorithm1_particular_adaptation
decoder_conv_final,shared,6176,0.0,0.0,0.0,2028,7,128,algorithm1_particular_adaptation
pred_logits_full,shared,97,0.0,0.0,0.0,2028,7,128,algorithm1_particular_adaptation
encoder_conv_1,shared,1536,0.0,0.0,0.0,2028,7,256,joint_particular_adaptation
encoder_conv_2,shared,98432,0.0,0.0,0.0,2028,7,256,joint_particular_adaptation
encoder_conv_3,shared,24640,0.0,0.0,0.0,2028,7,256,joint_particular_adaptation
encoder_conv_4,shared,386,0.0,0.0,0.0,2028,7,256,joint_particular_adaptation
channel_est_conv_1,shared,2816,0.0,0.0,0.0,2028,7,256,joint_particular_adaptation
channel_est_conv_2,shared,98432,0.0,0.0,0.0,2028,7,256,joint_particular_adaptation
channel_est_conv_3,shared,24640,0.0,0.0,0.0,2028,7,256,joint_particular_adaptation
channel_est_conv_4,shared,6176,0.0,0.0,0.0,2028,7,256,joint_particular_adaptation
channel_est_conv_5,shared,291,0.0,0.0,0.0,2028,7,256,joint_particular_adaptation
channel_est_dense_1,shared,40900,0.0,0.0,0.0,2028,7,256,joint_particular_adaptation
estimated_channel,shared,4040,0.0,0.0,0.0,2028,7,256,joint_particular_adaptation
decoder_conv_1,particular,102656,0.030251920223236084,0.0026518870096528006,0.0009886100888252258,2028,7,256,joint_particular_adaptation
decoder_res1_input,particular,163968,0.03425019606947899,0.0025720800809559516,0.0014279372990131378,2028,7,256,joint_particular_adaptation
decoder_res1_conv1,shared,82048,0.0,0.0,0.0,2028,7,256,joint_particular_adaptation
decoder_res1_conv2,particular,82048,0.04485601186752319,0.003788506838209241,0.0011498555541038513,2028,7,256,joint_particular_adaptation
decoder_res2_input,shared,41024,0.0,0.0,0.0,2028,7,256,joint_particular_adaptation
decoder_res2_conv1,shared,20544,0.0,0.0,0.0,2028,7,256,joint_particular_adaptation
decoder_res2_conv2,shared,12352,0.0,0.0,0.0,2028,7,256,joint_particular_adaptation
decoder_conv_final,shared,6176,0.0,0.0,0.0,2028,7,256,joint_particular_adaptation
pred_logits_full,shared,97,0.0,0.0,0.0,2028,7,256,joint_particular_adaptation
encoder_conv_1,shared,1536,0.0,0.0,0.0,2028,7,256,algorithm1_particular_adaptation
encoder_conv_2,shared,98432,0.0,0.0,0.0,2028,7,256,algorithm1_particular_adaptation
encoder_conv_3,shared,24640,0.0,0.0,0.0,2028,7,256,algorithm1_particular_adaptation
encoder_conv_4,shared,386,0.0,0.0,0.0,2028,7,256,algorithm1_particular_adaptation
channel_est_conv_1,shared,2816,0.0,0.0,0.0,2028,7,256,algorithm1_particular_adaptation
channel_est_conv_2,shared,98432,0.0,0.0,0.0,2028,7,256,algorithm1_particular_adaptation
channel_est_conv_3,shared,24640,0.0,0.0,0.0,2028,7,256,algorithm1_particular_adaptation
channel_est_conv_4,shared,6176,0.0,0.0,0.0,2028,7,256,algorithm1_particular_adaptation
channel_est_conv_5,shared,291,0.0,0.0,0.0,2028,7,256,algorithm1_particular_adaptation
channel_est_dense_1,shared,40900,0.0,0.0,0.0,2028,7,256,algorithm1_particular_adaptation
estimated_channel,shared,4040,0.0,0.0,0.0,2028,7,256,algorithm1_particular_adaptation
decoder_conv_1,particular,102656,0.04433513432741165,0.0038847040027555416,0.0013435408473014832,2028,7,256,algorithm1_particular_adaptation
decoder_res1_input,particular,163968,0.04669993370771408,0.0035059190278918387,0.0015362966805696487,2028,7,256,algorithm1_particular_adaptation
decoder_res1_conv1,shared,82048,0.0,0.0,0.0,2028,7,256,algorithm1_particular_adaptation
decoder_res1_conv2,particular,82048,0.05789664387702942,0.004888394210554001,0.0017197057604789734,2028,7,256,algorithm1_particular_adaptation
decoder_res2_input,shared,41024,0.0,0.0,0.0,2028,7,256,algorithm1_particular_adaptation
decoder_res2_conv1,shared,20544,0.0,0.0,0.0,2028,7,256,algorithm1_particular_adaptation
decoder_res2_conv2,shared,12352,0.0,0.0,0.0,2028,7,256,algorithm1_particular_adaptation
decoder_conv_final,shared,6176,0.0,0.0,0.0,2028,7,256,algorithm1_particular_adaptation
pred_logits_full,shared,97,0.0,0.0,0.0,2028,7,256,algorithm1_particular_adaptation
