method,support_size,target_pdp,snr_db,seed_count,mean_ber,std_ber,min_ber,max_ber
algorithm1_particular_adaptation,64,6,0.0,3,0.3778057098388672,0.003051227980555547,0.3736410140991211,0.38086605072021484
algorithm1_particular_adaptation,64,6,2.0,3,0.3407662709554036,0.0033929575605634713,0.33597278594970703,0.3433504104614258
algorithm1_particular_adaptation,64,6,4.0,3,0.30256207784016925,0.004700774461040477,0.29614830017089844,0.3072834014892578
algorithm1_particular_adaptation,64,6,6.0,3,0.26531632741292316,0.00637319191598364,0.25650501251220703,0.2713642120361328
algorithm1_particular_adaptation,64,6,8.0,3,0.23239676157633463,0.007021553876402906,0.2228546142578125,0.2395477294921875
algorithm1_particular_adaptation,64,6,10.0,3,0.20557181040445963,0.009028175212778997,0.1932382583618164,0.2145977020263672
algorithm1_particular_adaptation,64,6,12.0,3,0.18546231587727866,0.009199660220704033,0.1727886199951172,0.19434547424316406
algorithm1_particular_adaptation,64,6,14.0,3,0.17047850290934244,0.010933592297668765,0.15564632415771484,0.18167877197265625
algorithm1_particular_adaptation,64,6,16.0,3,0.16001605987548828,0.01093135309148625,0.14525318145751953,0.1713705062866211
algorithm1_particular_adaptation,64,6,18.0,3,0.152681032816569,0.010567294755771867,0.13857460021972656,0.16400718688964844
algorithm1_particular_adaptation,64,6,20.0,3,0.1496562957763672,0.010912574820146681,0.13478374481201172,0.1606607437133789
algorithm1_particular_adaptation,64,7,0.0,3,0.3723929723103841,0.002377167395773464,0.3701286315917969,0.37567710876464844
algorithm1_particular_adaptation,64,7,2.0,3,0.33374691009521484,0.00225775877037096,0.3315105438232422,0.3368387222290039
algorithm1_particular_adaptation,64,7,4.0,3,0.29364363352457684,0.0037017914394188198,0.2904796600341797,0.29883766174316406
algorithm1_particular_adaptation,64,7,6.0,3,0.25622081756591797,0.004379100289432756,0.2522916793823242,0.2623310089111328
algorithm1_particular_adaptation,64,7,8.0,3,0.22234821319580078,0.006271567122818899,0.2178668975830078,0.2312173843383789
algorithm1_particular_adaptation,64,7,10.0,3,0.1953617731730143,0.007696798925802539,0.18934059143066406,0.20622539520263672
algorithm1_particular_adaptation,64,7,12.0,3,0.1740115483601888,0.007530103230374785,0.168121337890625,0.18463993072509766
algorithm1_particular_adaptation,64,7,14.0,3,0.1587848663330078,0.007663415436015263,0.15308570861816406,0.1696176528930664
algorithm1_particular_adaptation,64,7,16.0,3,0.14803536732991537,0.008004395065260121,0.14190387725830078,0.15934181213378906
algorithm1_particular_adaptation,64,7,18.0,3,0.14090760548909506,0.009198418828551635,0.13374996185302734,0.15389347076416016
algorithm1_particular_adaptation,64,7,20.0,3,0.13577397664388022,0.008928471250084185,0.1287822723388672,0.1483755111694336
algorithm1_particular_adaptation,128,6,0.0,3,0.3695220947265625,0.0007866620445405596,0.36893653869628906,0.3706340789794922
algorithm1_particular_adaptation,128,6,2.0,3,0.32851187388102215,0.0003554927527405915,0.32801246643066406,0.3288116455078125
algorithm1_particular_adaptation,128,6,4.0,3,0.2844381332397461,0.0008603181938286613,0.2837409973144531,0.28565025329589844
algorithm1_particular_adaptation,128,6,6.0,3,0.24057579040527344,0.0010918325661364123,0.23969078063964844,0.24211406707763672
algorithm1_particular_adaptation,128,6,8.0,3,0.20105361938476562,0.0012618984055539214,0.19981765747070312,0.20278644561767578
algorithm1_particular_adaptation,128,6,10.0,3,0.16742865244547525,0.0011001661022346423,0.1662149429321289,0.16887855529785156
algorithm1_particular_adaptation,128,6,12.0,3,0.14190006256103516,0.000394809649018429,0.1413440704345703,0.14222240447998047
algorithm1_particular_adaptation,128,6,14.0,3,0.12220923105875652,0.0013090588038976768,0.12059402465820312,0.12380027770996094
algorithm1_particular_adaptation,128,6,16.0,3,0.10917441050211589,0.0010372874124930716,0.10778617858886719,0.11027908325195312
algorithm1_particular_adaptation,128,6,18.0,3,0.1000986099243164,0.0005970828899822542,0.09926223754882812,0.1006174087524414
algorithm1_particular_adaptation,128,6,20.0,3,0.09531148274739583,0.0008056485490878765,0.09453010559082031,0.0964202880859375
algorithm1_particular_adaptation,128,7,0.0,3,0.36767737070719403,0.0006986861873112529,0.36669063568115234,0.36821556091308594
algorithm1_particular_adaptation,128,7,2.0,3,0.3255758285522461,0.0012507178393191514,0.3242454528808594,0.32725048065185547
algorithm1_particular_adaptation,128,7,4.0,3,0.2812328338623047,0.000948762004165065,0.28012847900390625,0.28244495391845703
algorithm1_particular_adaptation,128,7,6.0,3,0.2386159896850586,0.0009413949066854814,0.23733806610107422,0.2395782470703125
algorithm1_particular_adaptation,128,7,8.0,3,0.19949626922607422,0.0008840826675936025,0.19833755493164062,0.20048236846923828
algorithm1_particular_adaptation,128,7,10.0,3,0.16660626729329428,0.0010116050831826598,0.165435791015625,0.16790390014648438
algorithm1_particular_adaptation,128,7,12.0,3,0.14108562469482422,0.0011048672639765555,0.14007091522216797,0.1426219940185547
algorithm1_particular_adaptation,128,7,14.0,3,0.12202135721842448,0.0008418956107650243,0.12129402160644531,0.12320137023925781
algorithm1_particular_adaptation,128,7,16.0,3,0.10926151275634766,0.00036402137170626686,0.10877227783203125,0.10964488983154297
algorithm1_particular_adaptation,128,7,18.0,3,0.10065809885660808,0.00029428472653597625,0.10024642944335938,0.10091686248779297
algorithm1_particular_adaptation,128,7,20.0,3,0.09468587239583333,0.0006159566434273794,0.09388923645019531,0.09538936614990234
algorithm1_particular_adaptation,256,6,0.0,3,0.36554114023844403,0.0005097858800650868,0.36504268646240234,0.366241455078125
algorithm1_particular_adaptation,256,6,2.0,3,0.32230567932128906,0.0007162371366360521,0.32131290435791016,0.32297611236572266
algorithm1_particular_adaptation,256,6,4.0,3,0.27545833587646484,0.0012530832945535234,0.27440929412841797,0.2772197723388672
algorithm1_particular_adaptation,256,6,6.0,3,0.2283198038736979,0.0019849469306188064,0.22641563415527344,0.23105812072753906
algorithm1_particular_adaptation,256,6,8.0,3,0.185453732808431,0.0019505370544000541,0.1837921142578125,0.18819141387939453
algorithm1_particular_adaptation,256,6,10.0,3,0.1489903132120768,0.0022845229710146287,0.14636898040771484,0.15193653106689453
algorithm1_particular_adaptation,256,6,12.0,3,0.1216739018758138,0.0020481502899197903,0.11922836303710938,0.12424087524414062
algorithm1_particular_adaptation,256,6,14.0,3,0.10053857167561848,0.0027779158692721327,0.09753036499023438,0.10423088073730469
algorithm1_particular_adaptation,256,6,16.0,3,0.08729966481526692,0.002265560654830304,0.08478546142578125,0.09027671813964844
algorithm1_particular_adaptation,256,6,18.0,3,0.07817872365315755,0.002150553181405441,0.07615852355957031,0.08115768432617188
algorithm1_particular_adaptation,256,6,20.0,3,0.0733639399210612,0.0016419654422989217,0.07121658325195312,0.07520294189453125
algorithm1_particular_adaptation,256,7,0.0,3,0.3634662628173828,0.0010455367750168006,0.3620281219482422,0.3644828796386719
algorithm1_particular_adaptation,256,7,2.0,3,0.31903425852457684,0.001782924734533565,0.3171663284301758,0.32143497467041016
algorithm1_particular_adaptation,256,7,4.0,3,0.2717234293619792,0.0017515156520520677,0.2697563171386719,0.27401065826416016
algorithm1_particular_adaptation,256,7,6.0,3,0.22593148549397787,0.0014858854550957245,0.2243499755859375,0.2279205322265625
algorithm1_particular_adaptation,256,7,8.0,3,0.18304061889648438,0.001843523907908829,0.18064117431640625,0.18512344360351562
algorithm1_particular_adaptation,256,7,10.0,3,0.14777755737304688,0.0017440995518100196,0.14534282684326172,0.1493368148803711
algorithm1_particular_adaptation,256,7,12.0,3,0.12020524342854817,0.0025669344140277,0.11764049530029297,0.12371253967285156
algorithm1_particular_adaptation,256,7,14.0,3,0.10011863708496094,0.0018192901769062044,0.09844112396240234,0.1026468276977539
algorithm1_particular_adaptation,256,7,16.0,3,0.08705743153889973,0.0014889521227539897,0.0858926773071289,0.08915901184082031
algorithm1_particular_adaptation,256,7,18.0,3,0.07868893941243489,0.0012599603817271935,0.07727909088134766,0.0803375244140625
algorithm1_particular_adaptation,256,7,20.0,3,0.07312870025634766,0.0017158140862967458,0.07124900817871094,0.07539749145507812
algorithm1_particular_adaptation,512,6,0.0,3,0.36606788635253906,0.00019030203983401575,0.3658428192138672,0.3663082122802734
algorithm1_particular_adaptation,512,6,2.0,3,0.3222761154174804,0.000562710410194642,0.3215351104736328,0.3228979110717773
algorithm1_particular_adaptation,512,6,4.0,3,0.2751579284667969,0.00034945712029700284,0.2746686935424804,0.2754631042480469
algorithm1_particular_adaptation,512,6,6.0,3,0.22731399536132812,0.0009575482207049376,0.2264795303344726,0.2286548614501953
algorithm1_particular_adaptation,512,6,8.0,3,0.18388684590657545,0.0008787546360043887,0.1826982498168945,0.1847953796386718
algorithm1_particular_adaptation,512,6,10.0,3,0.14683341979980466,0.0005121458985024748,0.1462688446044922,0.1475086212158203
algorithm1_particular_adaptation,512,6,12.0,3,0.11893272399902337,9.989785882416975e-05,0.1188154220581054,0.1190595626831054
algorithm1_particular_adaptation,512,6,14.0,3,0.09791596730550127,0.0008866409956651193,0.0970563888549804,0.0991363525390625
algorithm1_particular_adaptation,512,6,16.0,3,0.08455721537272133,0.00033230346346522143,0.084228515625,0.0850124359130859
algorithm1_particular_adaptation,512,6,18.0,3,0.07549095153808587,0.0005248109420034077,0.074869155883789,0.0761528015136718
algorithm1_particular_adaptation,512,6,20.0,3,0.0708433787027994,0.0004990535164228622,0.070322036743164,0.0715160369873046
algorithm1_particular_adaptation,512,7,0.0,3,0.3644968668619792,0.0010762175106069384,0.3629827499389648,0.3653879165649414
algorithm1_particular_adaptation,512,7,2.0,3,0.3199218114217122,0.0017508326899843103,0.3181104660034179,0.3222894668579101
algorithm1_particular_adaptation,512,7,4.0,3,0.2722291946411133,0.0015689182135893976,0.2704200744628906,0.2742462158203125
algorithm1_particular_adaptation,512,7,6.0,3,0.22640037536621085,0.0011429451478794132,0.2251539230346679,0.227914810180664
algorithm1_particular_adaptation,512,7,8.0,3,0.1829134623209635,0.0013106706042318253,0.181065559387207,0.1839628219604492
algorithm1_particular_adaptation,512,7,10.0,3,0.1470390955607096,0.0014013887046577193,0.145085334777832,0.1483039855957031
algorithm1_particular_adaptation,512,7,12.0,3,0.11915524800618486,0.0017108308258427171,0.1173048019409179,0.1214303970336914
algorithm1_particular_adaptation,512,7,14.0,3,0.0990972518920898,0.0012859366077520769,0.0977725982666015,0.1008386611938476
algorithm1_particular_adaptation,512,7,16.0,3,0.08573341369628901,0.0008174363090870146,0.0850963592529296,0.0868873596191406
algorithm1_particular_adaptation,512,7,18.0,3,0.07715765635172521,0.0009078262649859364,0.0759553909301757,0.0781488418579101
algorithm1_particular_adaptation,512,7,20.0,3,0.07177066802978513,0.0012388969626370113,0.0703878402709961,0.0733938217163086
algorithm1_particular_adaptation,1024,6,0.0,3,0.3646990458170573,0.0004032846017395069,0.3642349243164062,0.3652181625366211
algorithm1_particular_adaptation,1024,6,2.0,3,0.3209168116251628,0.0003718158613591221,0.3206157684326172,0.3214406967163086
algorithm1_particular_adaptation,1024,6,4.0,3,0.2737792332967122,0.00062373961931926,0.2729749679565429,0.2744951248168945
algorithm1_particular_adaptation,1024,6,6.0,3,0.22614638010660804,0.0016551515899662585,0.2247886657714843,0.2284765243530273
algorithm1_particular_adaptation,1024,6,8.0,3,0.18191083272298178,0.0012197486636182807,0.1806535720825195,0.1835622787475586
algorithm1_particular_adaptation,1024,6,10.0,3,0.14519214630126945,0.0004067887707636289,0.1446199417114257,0.1455297470092773
algorithm1_particular_adaptation,1024,6,12.0,3,0.11745103200276687,0.00016456401900145595,0.1172189712524414,0.1175823211669921
algorithm1_particular_adaptation,1024,6,14.0,3,0.09650580088297522,0.0008716358336800693,0.0955038070678711,0.0976285934448242
algorithm1_particular_adaptation,1024,6,16.0,3,0.08265781402587886,0.00025164114418359896,0.0823554992675781,0.0829715728759765
algorithm1_particular_adaptation,1024,6,18.0,3,0.07409858703613277,0.0002205401497718951,0.0739383697509765,0.0744104385375976
algorithm1_particular_adaptation,1024,6,20.0,3,0.06929620107014971,0.0005634837153333728,0.0688123703002929,0.0700864791870117
algorithm1_particular_adaptation,1024,7,0.0,3,0.3637746175130208,0.00047642520487692705,0.3631801605224609,0.3643465042114258
algorithm1_particular_adaptation,1024,7,2.0,3,0.31903807322184247,0.0015170799982065007,0.3176755905151367,0.3211545944213867
algorithm1_particular_adaptation,1024,7,4.0,3,0.2715263366699218,0.0009237972249775284,0.270359992980957,0.2726192474365234
algorithm1_particular_adaptation,1024,7,6.0,3,0.2250871658325195,0.0013557360646584739,0.2234916687011718,0.2268056869506836
algorithm1_particular_adaptation,1024,7,8.0,3,0.18125502268473306,0.0009796466199798427,0.1798715591430664,0.1820106506347656
algorithm1_particular_adaptation,1024,7,10.0,3,0.14540863037109372,0.0009655885342965085,0.1440439224243164,0.1461324691772461
algorithm1_particular_adaptation,1024,7,12.0,3,0.11753463745117183,0.0018797800561865805,0.1156282424926757,0.1200923919677734
algorithm1_particular_adaptation,1024,7,14.0,3,0.0978266398111979,0.0011293966580374765,0.096649169921875,0.0993499755859375
algorithm1_particular_adaptation,1024,7,16.0,3,0.0841588973999023,0.0009942230463952653,0.083404541015625,0.0855636596679687
algorithm1_particular_adaptation,1024,7,18.0,3,0.07594235738118486,0.0008330952740406645,0.074833869934082,0.0768423080444336
algorithm1_particular_adaptation,1024,7,20.0,3,0.07026545206705727,0.0013416398687029784,0.0687713623046875,0.0720252990722656
algorithm1_particular_adaptation,2048,6,0.0,3,0.36330827077229816,0.000402054383268052,0.3627405166625976,0.3636188507080078
algorithm1_particular_adaptation,2048,6,2.0,3,0.3185895284016927,0.0010471576571511718,0.3171491622924804,0.3196077346801758
algorithm1_particular_adaptation,2048,6,4.0,3,0.27179304758707673,0.00035514805365003164,0.2712936401367187,0.2720890045166015
algorithm1_particular_adaptation,2048,6,6.0,3,0.22339693705240884,0.0011971195629519164,0.2222537994384765,0.2250499725341797
algorithm1_particular_adaptation,2048,6,8.0,3,0.17901388804117838,0.0007031369155390014,0.1780757904052734,0.1797685623168945
algorithm1_particular_adaptation,2048,6,10.0,3,0.1428429285685221,0.0005330856500564663,0.1421747207641601,0.1434793472290039
algorithm1_particular_adaptation,2048,6,12.0,3,0.11478932698567702,0.00033217662769770523,0.1143875122070312,0.1152009963989257
algorithm1_particular_adaptation,2048,6,14.0,3,0.09404150644938149,0.0007015856132278264,0.0934810638427734,0.0950307846069336
algorithm1_particular_adaptation,2048,6,16.0,3,0.08036994934082024,0.0002825108925142169,0.0800113677978515,0.0807018280029296
algorithm1_particular_adaptation,2048,6,18.0,3,0.07213942209879554,0.0003187482730537794,0.0717782974243164,0.0725536346435546
algorithm1_particular_adaptation,2048,6,20.0,3,0.06714121500651037,0.00045612248516193346,0.0668115615844726,0.0677862167358398
algorithm1_particular_adaptation,2048,7,0.0,3,0.3625914255777995,0.000685539650214798,0.3618488311767578,0.3635025024414062
algorithm1_particular_adaptation,2048,7,2.0,3,0.31739648183186847,0.001078539270182832,0.3160848617553711,0.3187265396118164
algorithm1_particular_adaptation,2048,7,4.0,3,0.2692467371622721,0.0005920985555489571,0.268437385559082,0.2698373794555664
algorithm1_particular_adaptation,2048,7,6.0,3,0.2225027084350585,0.0011018500639652581,0.2213029861450195,0.2239637374877929
algorithm1_particular_adaptation,2048,7,8.0,3,0.17890707651774088,0.0012197185890575628,0.1772298812866211,0.1800947189331054
algorithm1_particular_adaptation,2048,7,10.0,3,0.14336617787679032,0.0012019208356772912,0.1416664123535156,0.1442203521728515
algorithm1_particular_adaptation,2048,7,12.0,3,0.11544195810953774,0.0014577537834176946,0.1136674880981445,0.1172380447387695
algorithm1_particular_adaptation,2048,7,14.0,3,0.0958614349365234,0.001008333704701831,0.0949745178222656,0.0972719192504882
algorithm1_particular_adaptation,2048,7,16.0,3,0.08234628041585283,0.0008847447022138023,0.0816965103149414,0.083597183227539
algorithm1_particular_adaptation,2048,7,18.0,3,0.07395521799723304,0.0005688938862011135,0.0733823776245117,0.0747308731079101
algorithm1_particular_adaptation,2048,7,20.0,3,0.06855519612630202,0.001045467278718082,0.0676174163818359,0.0700139999389648
algorithm1_particular_adaptation,4096,6,0.0,3,0.36128902435302734,0.00022582690992794263,0.3610267639160156,0.3615779876708984
algorithm1_particular_adaptation,4096,6,2.0,3,0.31605593363444007,0.0004187729569769227,0.3155155181884765,0.3165359497070312
algorithm1_particular_adaptation,4096,6,4.0,3,0.2688236236572265,0.0003079831614992767,0.2684488296508789,0.2692031860351562
algorithm1_particular_adaptation,4096,6,6.0,3,0.22047583262125647,0.0012639588271510431,0.219578742980957,0.2222633361816406
algorithm1_particular_adaptation,4096,6,8.0,3,0.17658837636311844,0.0007480034866527077,0.1758575439453125,0.1776161193847656
algorithm1_particular_adaptation,4096,6,10.0,3,0.13917255401611328,0.00041697057948866453,0.1388263702392578,0.1397590637207031
algorithm1_particular_adaptation,4096,6,12.0,3,0.11196676890055336,0.0003179445222402642,0.1117153167724609,0.1124153137207031
algorithm1_particular_adaptation,4096,6,14.0,3,0.09101645151774086,0.0006276144773095989,0.0905513763427734,0.0919036865234375
algorithm1_particular_adaptation,4096,6,16.0,3,0.07788244883219396,0.0003482625124235579,0.0774478912353515,0.0783004760742187
algorithm1_particular_adaptation,4096,6,18.0,3,0.06906986236572264,0.0002648892288904382,0.0687284469604492,0.0693740844726562
algorithm1_particular_adaptation,4096,6,20.0,3,0.06459395090738927,0.0005324432025583454,0.0640373229980468,0.0653114318847656
algorithm1_particular_adaptation,4096,7,0.0,3,0.36054642995198566,0.0008319835399488942,0.3593702316284179,0.3611612319946289
algorithm1_particular_adaptation,4096,7,2.0,3,0.3156210581461589,0.0012882089989046332,0.3144502639770508,0.3174152374267578
algorithm1_particular_adaptation,4096,7,4.0,3,0.26716073354085285,0.0005150773313352942,0.2664470672607422,0.267643928527832
algorithm1_particular_adaptation,4096,7,6.0,3,0.2199125289916992,0.0007037073969630636,0.2189283370971679,0.2205324172973632
algorithm1_particular_adaptation,4096,7,8.0,3,0.17609755198160804,0.0008949420346450783,0.1748323440551757,0.1767587661743164
algorithm1_particular_adaptation,4096,7,10.0,3,0.14059289296468094,0.00044777646888148923,0.1399898529052734,0.141061782836914
algorithm1_particular_adaptation,4096,7,12.0,3,0.11263497670491533,0.0016678432983193105,0.1106767654418945,0.1147527694702148
algorithm1_particular_adaptation,4096,7,14.0,3,0.09326934814453124,0.0009766801499983832,0.0923147201538086,0.0946111679077148
algorithm1_particular_adaptation,4096,7,16.0,3,0.07950973510742183,0.0007767710969593057,0.0789070129394531,0.080606460571289
algorithm1_particular_adaptation,4096,7,18.0,3,0.07157548268636067,0.0007100497924443939,0.0706329345703125,0.0723466873168945
algorithm1_particular_adaptation,4096,7,20.0,3,0.06632328033447263,0.0009256266164965293,0.0654201507568359,0.0675954818725586
algorithm1_particular_adaptation,8192,6,0.0,3,0.35931587219238276,0.0005133183937369154,0.3586626052856445,0.3599166870117187
algorithm1_particular_adaptation,8192,6,2.0,3,0.3140707015991211,0.0008947298367714914,0.3128061294555664,0.3147411346435547
algorithm1_particular_adaptation,8192,6,4.0,3,0.2664613723754882,0.0003825078190882069,0.2659692764282226,0.2669019699096679
algorithm1_particular_adaptation,8192,6,6.0,3,0.2176977793375651,0.0012518043371588068,0.2161407470703125,0.2192058563232422
algorithm1_particular_adaptation,8192,6,8.0,3,0.17288589477539062,0.00024344798022601872,0.1726551055908203,0.173222541809082
algorithm1_particular_adaptation,8192,6,10.0,3,0.13607629140218097,0.00013603450901153303,0.1359424591064453,0.1362628936767578
algorithm1_particular_adaptation,8192,6,12.0,3,0.1084671020507812,0.00014196833774153105,0.1083297729492187,0.1086626052856445
algorithm1_particular_adaptation,8192,6,14.0,3,0.08776124318440748,0.000904273810247285,0.0869274139404296,0.0890178680419921
algorithm1_particular_adaptation,8192,6,16.0,3,0.07465616861979159,0.0004954215433632108,0.0740938186645507,0.0752992630004882
algorithm1_particular_adaptation,8192,6,18.0,3,0.0661487579345703,0.0002783389618548299,0.0658712387084961,0.0665292739868164
algorithm1_particular_adaptation,8192,6,20.0,3,0.06160068511962887,0.00045167999718021055,0.0610427856445312,0.0621490478515625
algorithm1_particular_adaptation,8192,7,0.0,3,0.35905710856119794,0.0008526809594581085,0.3580646514892578,0.3601465225219726
algorithm1_particular_adaptation,8192,7,2.0,3,0.3128973642985026,0.0010256666653632844,0.3120107650756836,0.3143348693847656
algorithm1_particular_adaptation,8192,7,4.0,3,0.26460011800130206,0.0007082388683999893,0.2640523910522461,0.2656002044677734
algorithm1_particular_adaptation,8192,7,6.0,3,0.21663983662923172,0.0010795375153787277,0.2156209945678711,0.2181339263916015
algorithm1_particular_adaptation,8192,7,8.0,3,0.17316468556721998,0.001129902268575331,0.1715669631958007,0.173985481262207
algorithm1_particular_adaptation,8192,7,10.0,3,0.13758754730224607,0.000813276772032687,0.136444091796875,0.1382665634155273
algorithm1_particular_adaptation,8192,7,12.0,3,0.10963598887125647,0.0013246863144253706,0.1079368591308593,0.1111688613891601
algorithm1_particular_adaptation,8192,7,14.0,3,0.09004465738932287,0.0007953896634123082,0.089268684387207,0.0911378860473632
algorithm1_particular_adaptation,8192,7,16.0,3,0.07685756683349607,0.0008448094025777827,0.0761299133300781,0.0780420303344726
algorithm1_particular_adaptation,8192,7,18.0,3,0.06870619455973304,0.0005633841730406375,0.0681076049804687,0.0694608688354492
algorithm1_particular_adaptation,8192,7,20.0,3,0.06351693471272783,0.0007462671980097652,0.0626993179321289,0.0645036697387695
joint_no_adaptation,0,6,0.0,3,0.3919385274251302,0.0007219318074659681,0.3909873962402344,0.392735481262207
joint_no_adaptation,0,6,2.0,3,0.35848363240559894,0.0012414796657580066,0.3570785522460937,0.3600978851318359
joint_no_adaptation,0,6,4.0,3,0.3221092224121094,0.0010796570480923486,0.3209857940673828,0.3235664367675781
joint_no_adaptation,0,6,6.0,3,0.2835226058959961,0.0003053823407798969,0.2831068038940429,0.2838315963745117
joint_no_adaptation,0,6,8.0,3,0.24828402201334634,0.0008903339612932747,0.2471637725830078,0.2493419647216797
joint_no_adaptation,0,6,10.0,3,0.21685218811035148,0.0005711391915003595,0.2163171768188476,0.2176437377929687
joint_no_adaptation,0,6,12.0,3,0.194066047668457,0.0004036878335960529,0.1935329437255859,0.1945095062255859
joint_no_adaptation,0,6,14.0,3,0.1746206283569336,0.00037279843443650986,0.1741046905517578,0.1749725341796875
joint_no_adaptation,0,6,16.0,3,0.16276836395263666,0.0007197821760139428,0.1619997024536132,0.1637306213378906
joint_no_adaptation,0,6,18.0,3,0.15392812093098954,0.0003670133413947214,0.1534948348999023,0.1543922424316406
joint_no_adaptation,0,6,20.0,3,0.15127754211425778,0.0003565322199022374,0.1509218215942382,0.1517648696899414
joint_no_adaptation,0,7,0.0,3,0.39425404866536456,0.0005993984488477797,0.3936109542846679,0.3950538635253906
joint_no_adaptation,0,7,2.0,3,0.36085669199625653,0.0008140045897534051,0.3597183227539062,0.3615741729736328
joint_no_adaptation,0,7,4.0,3,0.32323964436848956,0.0019469493117985222,0.3204975128173828,0.3248262405395508
joint_no_adaptation,0,7,6.0,3,0.28848107655843097,0.0006280220334357592,0.287663459777832,0.2891902923583984
joint_no_adaptation,0,7,8.0,3,0.2520987192789714,0.001931138816320064,0.2497415542602539,0.2544717788696289
joint_no_adaptation,0,7,10.0,3,0.22393894195556638,0.0018723249292227477,0.2213916778564453,0.2258386611938476
joint_no_adaptation,0,7,12.0,3,0.20047887166341147,0.0005108611361748771,0.1998796463012695,0.2011280059814453
joint_no_adaptation,0,7,14.0,3,0.18364016215006507,0.0006286888119459872,0.1827516555786132,0.184112548828125
joint_no_adaptation,0,7,16.0,3,0.1716823577880859,0.0007593643347163726,0.1709880828857422,0.172739028930664
joint_no_adaptation,0,7,18.0,3,0.1641467412312825,0.0010557728417559928,0.1629352569580078,0.1655082702636718
joint_no_adaptation,0,7,20.0,3,0.15837287902832028,0.00021081739592986455,0.1580772399902343,0.1585540771484375
joint_particular_adaptation,64,6,0.0,3,0.3889624277750651,0.0001530507801972799,0.3888225555419922,0.3891754150390625
joint_particular_adaptation,64,6,2.0,3,0.35448646545410156,0.0008793301272147357,0.3538236618041992,0.3557291030883789
joint_particular_adaptation,64,6,4.0,3,0.31790002187093097,0.0012428803189445084,0.31696224212646484,0.3196563720703125
joint_particular_adaptation,64,6,6.0,3,0.2820746103922526,0.0004037323897852115,0.2817564010620117,0.28264427185058594
joint_particular_adaptation,64,6,8.0,3,0.24819342295328775,0.0006859671514980905,0.2472381591796875,0.24881744384765625
joint_particular_adaptation,64,6,10.0,3,0.22055689493815103,0.0007156194539185055,0.21959209442138672,0.22130393981933594
joint_particular_adaptation,64,6,12.0,3,0.2012631098429362,0.0012903908551613425,0.19966983795166016,0.20283031463623047
joint_particular_adaptation,64,6,14.0,3,0.1858688990275065,0.00167175278296688,0.1835622787475586,0.1874713897705078
joint_particular_adaptation,64,6,16.0,3,0.17670377095540366,0.0019795695899774432,0.1739044189453125,0.178131103515625
joint_particular_adaptation,64,6,18.0,3,0.17038695017496744,0.0016086109050903955,0.1681842803955078,0.1719808578491211
joint_particular_adaptation,64,6,20.0,3,0.16930707295735678,0.0018849221610743132,0.16756916046142578,0.17192649841308594
joint_particular_adaptation,64,7,0.0,3,0.3918517430623372,0.0009943124874631606,0.3907642364501953,0.39316749572753906
joint_particular_adaptation,64,7,2.0,3,0.35790538787841797,0.0004379577327045384,0.35750484466552734,0.35851478576660156
joint_particular_adaptation,64,7,4.0,3,0.32132689158121747,0.0013942238688819694,0.31944942474365234,0.3227872848510742
joint_particular_adaptation,64,7,6.0,3,0.286862055460612,0.0008156751148262951,0.28586673736572266,0.28786468505859375
joint_particular_adaptation,64,7,8.0,3,0.25368690490722656,0.003488281842464334,0.2504005432128906,0.2585163116455078
joint_particular_adaptation,64,7,10.0,3,0.22869427998860678,0.0048835402019299316,0.2229442596435547,0.23488235473632812
joint_particular_adaptation,64,7,12.0,3,0.20992914835611978,0.0052706744327505415,0.20547962188720703,0.2173328399658203
joint_particular_adaptation,64,7,14.0,3,0.19655990600585938,0.005125039801850248,0.19140148162841797,0.20354843139648438
joint_particular_adaptation,64,7,16.0,3,0.1878223419189453,0.006474627235316882,0.18068218231201172,0.19635677337646484
joint_particular_adaptation,64,7,18.0,3,0.18196741739908853,0.008148434540060074,0.17377948760986328,0.1930837631225586
joint_particular_adaptation,64,7,20.0,3,0.17783419291178384,0.007342042747863409,0.17013168334960938,0.1877155303955078
joint_particular_adaptation,128,6,0.0,3,0.3893248240152995,0.0003264672335192267,0.3888664245605469,0.3896017074584961
joint_particular_adaptation,128,6,2.0,3,0.35437774658203125,0.0010010449358995985,0.3531990051269531,0.35564613342285156
joint_particular_adaptation,128,6,4.0,3,0.3172524770100911,0.0011850055669803802,0.316253662109375,0.31891727447509766
joint_particular_adaptation,128,6,6.0,3,0.2801748911539714,0.0003457744210982041,0.27976417541503906,0.2806100845336914
joint_particular_adaptation,128,6,8.0,3,0.24491341908772787,0.0008910007647093755,0.24378108978271484,0.2459583282470703
joint_particular_adaptation,128,6,10.0,3,0.21502017974853516,0.00036396223656174573,0.21454334259033203,0.21542644500732422
joint_particular_adaptation,128,6,12.0,3,0.19411722819010416,0.00014948538591679584,0.19390583038330078,0.19422435760498047
joint_particular_adaptation,128,6,14.0,3,0.17711480458577475,0.00041163713188710526,0.176727294921875,0.17768478393554688
joint_particular_adaptation,128,6,16.0,3,0.1664743423461914,0.0012123905213283132,0.16527366638183594,0.1681346893310547
joint_particular_adaptation,128,6,18.0,3,0.1593166987101237,0.0007106319311705275,0.15831661224365234,0.15990257263183594
joint_particular_adaptation,128,6,20.0,3,0.15755081176757812,0.00019154060564255705,0.15727996826171875,0.15769004821777344
joint_particular_adaptation,128,7,0.0,3,0.39209651947021484,0.0011035147893917949,0.39112281799316406,0.39363956451416016
joint_particular_adaptation,128,7,2.0,3,0.3580719629923503,0.00031735852395148523,0.35776519775390625,0.3585090637207031
joint_particular_adaptation,128,7,4.0,3,0.3207864761352539,0.0013087319124261527,0.31896114349365234,0.3219642639160156
joint_particular_adaptation,128,7,6.0,3,0.2852824529012044,0.0002585921316728073,0.28491878509521484,0.28549766540527344
joint_particular_adaptation,128,7,8.0,3,0.25027942657470703,0.0016465933911969366,0.24878406524658203,0.25257301330566406
joint_particular_adaptation,128,7,10.0,3,0.2227970759073893,0.0015459085836147515,0.22068405151367188,0.22433948516845703
joint_particular_adaptation,128,7,12.0,3,0.201628049214681,0.0008235544489417003,0.20049285888671875,0.2024211883544922
joint_particular_adaptation,128,7,14.0,3,0.18636417388916016,0.0010763720560697763,0.18488502502441406,0.18741512298583984
joint_particular_adaptation,128,7,16.0,3,0.17607784271240234,0.0008492864688471409,0.17500591278076172,0.17708301544189453
joint_particular_adaptation,128,7,18.0,3,0.16948318481445312,0.00020986469552560722,0.1692800521850586,0.16977214813232422
joint_particular_adaptation,128,7,20.0,3,0.16447226206461588,0.000941978366016461,0.16315937042236328,0.16532421112060547
joint_particular_adaptation,256,6,0.0,3,0.39009761810302734,0.0002664503007132774,0.38976001739501953,0.390411376953125
joint_particular_adaptation,256,6,2.0,3,0.3552265167236328,0.0009767527817080301,0.35399913787841797,0.35638904571533203
joint_particular_adaptation,256,6,4.0,3,0.3180611928304036,0.0011002810059404181,0.3168754577636719,0.31952667236328125
joint_particular_adaptation,256,6,6.0,3,0.28052012125651044,0.0002539823287708821,0.28017425537109375,0.2807769775390625
joint_particular_adaptation,256,6,8.0,3,0.24458821614583334,0.0006492037460456611,0.24393081665039062,0.24547195434570312
joint_particular_adaptation,256,6,10.0,3,0.21358744303385416,0.000399203051609314,0.21328258514404297,0.21415138244628906
joint_particular_adaptation,256,6,12.0,3,0.19133949279785156,0.00031013922788015926,0.19097423553466797,0.19173240661621094
joint_particular_adaptation,256,6,14.0,3,0.17307186126708984,7.592749007861383e-05,0.17300891876220703,0.17317867279052734
joint_particular_adaptation,256,6,16.0,3,0.16164239247639975,0.0007527015470774318,0.1609477996826172,0.1626882553100586
joint_particular_adaptation,256,6,18.0,3,0.15376790364583334,0.0002575901613856366,0.1535358428955078,0.1541271209716797
joint_particular_adaptation,256,6,20.0,3,0.15140088399251303,0.0003859772867790866,0.15087890625,0.15180015563964844
joint_particular_adaptation,256,7,0.0,3,0.39267508188883465,0.0006297025807218056,0.3920860290527344,0.39354801177978516
joint_particular_adaptation,256,7,2.0,3,0.35869471232096356,0.00018368459441799859,0.3585090637207031,0.3589448928833008
joint_particular_adaptation,256,7,4.0,3,0.3213907877604167,0.001047937312731378,0.3199329376220703,0.32235050201416016
joint_particular_adaptation,256,7,6.0,3,0.2855326334635417,0.00034144766647438353,0.2851142883300781,0.2859506607055664
joint_particular_adaptation,256,7,8.0,3,0.25008678436279297,0.0015350485495140569,0.2485523223876953,0.2521839141845703
joint_particular_adaptation,256,7,10.0,3,0.22140121459960938,0.0015934919011060065,0.2192058563232422,0.22293949127197266
joint_particular_adaptation,256,7,12.0,3,0.19938437143961588,0.000952237105893864,0.1982574462890625,0.20058631896972656
joint_particular_adaptation,256,7,14.0,3,0.18294556935628256,0.00042490112227419667,0.18234825134277344,0.18330097198486328
joint_particular_adaptation,256,7,16.0,3,0.17180633544921875,0.0007853371438138358,0.1707611083984375,0.1726541519165039
joint_particular_adaptation,256,7,18.0,3,0.16484769185384116,0.0012419560016090447,0.16360759735107422,0.16654491424560547
joint_particular_adaptation,256,7,20.0,3,0.15929126739501953,0.0003122435156102595,0.15906620025634766,0.15973281860351562
joint_particular_adaptation,512,6,0.0,3,0.39126014709472656,0.0004266290238924472,0.3906755447387695,0.3916816711425781
joint_particular_adaptation,512,6,2.0,3,0.356570561726888,0.0010656613401315343,0.3552179336547851,0.3578224182128906
joint_particular_adaptation,512,6,4.0,3,0.3194939295450846,0.0011584402823486056,0.3184118270874023,0.3211002349853515
joint_particular_adaptation,512,6,6.0,3,0.2819633483886718,0.00026519120394480615,0.2815942764282226,0.282205581665039
joint_particular_adaptation,512,6,8.0,3,0.2461455663045247,0.0007663295185784762,0.2453956604003906,0.2471981048583984
joint_particular_adaptation,512,6,10.0,3,0.21439870198567704,0.000517881937361733,0.2139844894409179,0.2151288986206054
joint_particular_adaptation,512,6,12.0,3,0.19169584910074866,0.00029353380074037094,0.1913471221923828,0.1920652389526367
joint_particular_adaptation,512,6,14.0,3,0.17267481486002603,0.00042867586854564415,0.1721525192260742,0.1732025146484375
joint_particular_adaptation,512,6,16.0,3,0.16072018941243485,0.0007490621884362295,0.1598644256591797,0.1616888046264648
joint_particular_adaptation,512,6,18.0,3,0.15239906311035148,0.00038193277230128936,0.1519575119018554,0.1528892517089843
joint_particular_adaptation,512,6,20.0,3,0.14962450663248694,9.805186095874416e-05,0.1495237350463867,0.1497573852539062
joint_particular_adaptation,512,7,0.0,3,0.3934205373128255,0.0005297546135589315,0.3929433822631836,0.3941593170166015
joint_particular_adaptation,512,7,2.0,3,0.35962263743082684,0.0004072761296949249,0.359170913696289,0.3601579666137695
joint_particular_adaptation,512,7,4.0,3,0.3224884668986003,0.0006734725012085277,0.3215503692626953,0.3231000900268554
joint_particular_adaptation,512,7,6.0,3,0.2866233189900716,0.00018885373619567382,0.2864437103271484,0.2868843078613281
joint_particular_adaptation,512,7,8.0,3,0.25131988525390625,0.0012850755810662666,0.2501487731933594,0.2531089782714844
joint_particular_adaptation,512,7,10.0,3,0.2218656539916992,0.0013912974148625567,0.2199163436889648,0.2230720520019531
joint_particular_adaptation,512,7,12.0,3,0.19921906789143876,0.0007924451448310077,0.1981992721557617,0.2001314163208007
joint_particular_adaptation,512,7,14.0,3,0.18209934234619138,0.0002752051382609838,0.1817102432250976,0.1823015213012695
joint_particular_adaptation,512,7,16.0,3,0.17054907480875645,0.0009293989926356452,0.1693840026855468,0.1716585159301757
joint_particular_adaptation,512,7,18.0,3,0.16314379374186194,0.0012108347614819101,0.1619815826416015,0.1648139953613281
joint_particular_adaptation,512,7,20.0,3,0.1573381423950195,0.0002335483302969888,0.157135009765625,0.1576652526855468
joint_particular_adaptation,1024,6,0.0,3,0.39067236582438153,0.0006173607247748084,0.3898286819458008,0.3912887573242187
joint_particular_adaptation,1024,6,2.0,3,0.3559881846110026,0.0015106984507783296,0.3539943695068359,0.3576498031616211
joint_particular_adaptation,1024,6,4.0,3,0.31922467549641925,0.0009494744115108698,0.3183536529541015,0.3205451965332031
joint_particular_adaptation,1024,6,6.0,3,0.28067461649576825,0.0006535878904989392,0.2799110412597656,0.2815074920654297
joint_particular_adaptation,1024,6,8.0,3,0.24495824178059888,8.111777309788695e-05,0.2448530197143554,0.2450504302978515
joint_particular_adaptation,1024,6,10.0,3,0.21368662516276038,0.0005502303197442815,0.2129878997802734,0.2143325805664062
joint_particular_adaptation,1024,6,12.0,3,0.1905345916748046,7.353812274418352e-05,0.190434455871582,0.1906089782714843
joint_particular_adaptation,1024,6,14.0,3,0.17154884338378903,0.00048501441795493767,0.1711368560791015,0.1722297668457031
joint_particular_adaptation,1024,6,16.0,3,0.1596120198567708,0.0007255275802093659,0.1590223312377929,0.1606340408325195
joint_particular_adaptation,1024,6,18.0,3,0.15103371938069657,0.0005986473979365113,0.1502037048339843,0.1515932083129882
joint_particular_adaptation,1024,6,20.0,3,0.1485656102498372,0.00038661768069645446,0.1481580734252929,0.1490850448608398
joint_particular_adaptation,1024,7,0.0,3,0.3926331202189128,0.0007604846934888913,0.3919687271118164,0.3936977386474609
joint_particular_adaptation,1024,7,2.0,3,0.3589649200439453,0.0002940421919710328,0.3585996627807617,0.3593196868896484
joint_particular_adaptation,1024,7,4.0,3,0.32213624318440753,0.0012905094945926095,0.3206701278686523,0.3238105773925781
joint_particular_adaptation,1024,7,6.0,3,0.2856222788492838,0.0005667523841365612,0.2850246429443359,0.2863836288452148
joint_particular_adaptation,1024,7,8.0,3,0.24980894724527994,0.001711132044967773,0.2477121353149414,0.2519035339355469
joint_particular_adaptation,1024,7,10.0,3,0.221136728922526,0.001569629789377182,0.2189245223999023,0.2224016189575195
joint_particular_adaptation,1024,7,12.0,3,0.19847520192464185,0.0005744636939432005,0.1980094909667968,0.199284553527832
joint_particular_adaptation,1024,7,14.0,3,0.18108685811360672,0.0004965926233115432,0.1804227828979492,0.1816167831420898
joint_particular_adaptation,1024,7,16.0,3,0.16958363850911454,0.000799003926832403,0.1687221527099609,0.1706476211547851
joint_particular_adaptation,1024,7,18.0,3,0.162295659383138,0.0012718031184859677,0.1609449386596679,0.1639995574951172
joint_particular_adaptation,1024,7,20.0,3,0.15651639302571613,0.0001602103468992116,0.1563863754272461,0.1567420959472656
joint_particular_adaptation,2048,6,0.0,3,0.3898375829060872,8.457585219478217e-05,0.3897409439086914,0.3899469375610351
joint_particular_adaptation,2048,6,2.0,3,0.35442161560058594,0.0015576727860567145,0.3522710800170898,0.3559103012084961
joint_particular_adaptation,2048,6,4.0,3,0.3177512486775716,0.001016366990345736,0.3169775009155273,0.3191871643066406
joint_particular_adaptation,2048,6,6.0,3,0.27887948354085285,0.0010421411334301351,0.2779684066772461,0.2803382873535156
joint_particular_adaptation,2048,6,8.0,3,0.24278259277343747,0.00021676886446674826,0.2425031661987304,0.2430315017700195
joint_particular_adaptation,2048,6,10.0,3,0.21168740590413407,0.0006949541648950587,0.2111454010009765,0.2126684188842773
joint_particular_adaptation,2048,6,12.0,3,0.18867778778076172,0.0001526256355649692,0.1885395050048828,0.1888904571533203
joint_particular_adaptation,2048,6,14.0,3,0.1697206497192382,0.0006036409385035875,0.1689023971557617,0.1703405380249023
joint_particular_adaptation,2048,6,16.0,3,0.15744781494140622,0.0005645386795744192,0.1567554473876953,0.1581382751464843
joint_particular_adaptation,2048,6,18.0,3,0.14930248260498044,0.0003729252742404408,0.1490354537963867,0.1498298645019531
joint_particular_adaptation,2048,6,20.0,3,0.14666239420572913,0.0004713591519705633,0.1460742950439453,0.1472282409667968
joint_particular_adaptation,2048,7,0.0,3,0.3919239044189453,0.00016649926378165547,0.3917417526245117,0.3921442031860351
joint_particular_adaptation,2048,7,2.0,3,0.3584760030110677,0.00017848804588438584,0.3583183288574219,0.3587255477905273
joint_particular_adaptation,2048,7,4.0,3,0.3211507797241211,0.00146840328625702,0.3191671371459961,0.3226747512817383
joint_particular_adaptation,2048,7,6.0,3,0.2844155629475911,0.0007246319832924519,0.2834548950195312,0.2852048873901367
joint_particular_adaptation,2048,7,8.0,3,0.2490234375,0.0015118829268663684,0.2471141815185547,0.2508115768432617
joint_particular_adaptation,2048,7,10.0,3,0.21962642669677732,0.0014397614553540686,0.2175970077514648,0.2207841873168945
joint_particular_adaptation,2048,7,12.0,3,0.19690354665120435,0.0006076496307867573,0.1962642669677734,0.1977205276489257
joint_particular_adaptation,2048,7,14.0,3,0.1801818211873372,0.00047911818950884563,0.1795310974121093,0.1806707382202148
joint_particular_adaptation,2048,7,16.0,3,0.16808350880940748,0.0008408113778093207,0.167205810546875,0.1692171096801757
joint_particular_adaptation,2048,7,18.0,3,0.16086228688557938,0.001310842683989794,0.1594886779785156,0.1626272201538086
joint_particular_adaptation,2048,7,20.0,3,0.15528329213460282,8.090821122416918e-05,0.1551761627197265,0.1553716659545898
joint_particular_adaptation,4096,6,0.0,3,0.38894907633463544,0.0005732708286384352,0.3881464004516601,0.3894491195678711
joint_particular_adaptation,4096,6,2.0,3,0.3530276616414388,0.0010439304135061542,0.3518648147583008,0.3543968200683594
joint_particular_adaptation,4096,6,4.0,3,0.31598917643229163,0.0005960580612746882,0.3153600692749023,0.3167896270751953
joint_particular_adaptation,4096,6,6.0,3,0.2767346700032552,0.00051645512322897,0.2762289047241211,0.2774438858032226
joint_particular_adaptation,4096,6,8.0,3,0.2406806945800781,0.00053373906307999,0.2402639389038086,0.241434097290039
joint_particular_adaptation,4096,6,10.0,3,0.20882320404052734,0.0008915119036187541,0.2078876495361328,0.2100229263305664
joint_particular_adaptation,4096,6,12.0,3,0.18552684783935544,0.000384855346205471,0.1849908828735351,0.1858768463134765
joint_particular_adaptation,4096,6,14.0,3,0.16652202606201166,8.03467074197057e-05,0.1664390563964843,0.166630744934082
joint_particular_adaptation,4096,6,16.0,3,0.15440495808919272,0.0008595141409343123,0.1533832550048828,0.1554861068725586
joint_particular_adaptation,4096,6,18.0,3,0.14598178863525388,0.0004306583157269114,0.1454496383666992,0.1465044021606445
joint_particular_adaptation,4096,6,20.0,3,0.14353656768798823,0.000483506294822645,0.1428747177124023,0.1440162658691406
joint_particular_adaptation,4096,7,0.0,3,0.3916972478230794,0.00042774274698163074,0.3911323547363281,0.3921670913696289
joint_particular_adaptation,4096,7,2.0,3,0.35688114166259766,8.585540980604901e-05,0.3567981719970703,0.356999397277832
joint_particular_adaptation,4096,7,4.0,3,0.31970755259195965,0.0006093704431038578,0.3188610076904297,0.3202705383300781
joint_particular_adaptation,4096,7,6.0,3,0.2830661137898763,0.00019151105830638246,0.282811164855957,0.2832727432250976
joint_particular_adaptation,4096,7,8.0,3,0.24729665120442704,0.001590012834703611,0.245279312133789,0.2491655349731445
joint_particular_adaptation,4096,7,10.0,3,0.21787103017171217,0.001270311690863224,0.2161359786987304,0.2191419601440429
joint_particular_adaptation,4096,7,12.0,3,0.19449520111083984,0.0007289054519713223,0.1939277648925781,0.1955242156982422
joint_particular_adaptation,4096,7,14.0,3,0.17732461293538407,0.000727806739009986,0.1762971878051757,0.177891731262207
joint_particular_adaptation,4096,7,16.0,3,0.16550763448079428,0.0005264589359089838,0.1650371551513672,0.1662425994873047
joint_particular_adaptation,4096,7,18.0,3,0.15831247965494788,0.0013371172205666499,0.157017707824707,0.1601533889770507
joint_particular_adaptation,4096,7,20.0,3,0.15252749125162757,0.00020681373006862337,0.1522350311279297,0.1526765823364257
joint_particular_adaptation,8192,6,0.0,3,0.3871552149454753,0.0002734206422461133,0.386815071105957,0.3874845504760742
joint_particular_adaptation,8192,6,2.0,3,0.35151227315266925,0.0016291158704114172,0.3496465682983398,0.3536157608032226
joint_particular_adaptation,8192,6,4.0,3,0.31316725413004554,0.001048727373739972,0.311899185180664,0.3144674301147461
joint_particular_adaptation,8192,6,6.0,3,0.27390829722086585,0.00028467493394518454,0.2735424041748047,0.2742366790771484
joint_particular_adaptation,8192,6,8.0,3,0.23725922902425126,0.0005063045678775067,0.2366485595703125,0.2378883361816406
joint_particular_adaptation,8192,6,10.0,3,0.20544401804606116,0.0006420413969692963,0.2048473358154297,0.2063350677490234
joint_particular_adaptation,8192,6,12.0,3,0.18177064259846998,0.0001450804426108581,0.1815710067749023,0.1819114685058593
joint_particular_adaptation,8192,6,14.0,3,0.16253471374511716,0.00045233594860267666,0.1619539260864257,0.1630573272705078
joint_particular_adaptation,8192,6,16.0,3,0.1503089269002278,0.0007059321783161323,0.1494512557983398,0.1511802673339843
joint_particular_adaptation,8192,6,18.0,3,0.14182504018147782,0.00040006558637068753,0.1414976119995117,0.1423883438110351
joint_particular_adaptation,8192,6,20.0,3,0.13914299011230466,0.00043655581175572425,0.1385660171508789,0.1396217346191406
joint_particular_adaptation,8192,7,0.0,3,0.39000797271728516,0.0004145365306975944,0.3895177841186523,0.3905315399169922
joint_particular_adaptation,8192,7,2.0,3,0.3548558553059895,6.241691343320151e-05,0.3547916412353515,0.3549404144287109
joint_particular_adaptation,8192,7,4.0,3,0.3168973922729492,0.0014115986431895732,0.3151254653930664,0.3185796737670898
joint_particular_adaptation,8192,7,6.0,3,0.2800426483154297,0.0007833287558916577,0.2789564132690429,0.2807741165161133
joint_particular_adaptation,8192,7,8.0,3,0.24412949879964188,0.0016945491708163043,0.241943359375,0.246072769165039
joint_particular_adaptation,8192,7,10.0,3,0.21454906463623044,0.001115537270403103,0.2129726409912109,0.2153902053833007
joint_particular_adaptation,8192,7,12.0,3,0.19128545125325522,0.0008553972493882926,0.1900920867919922,0.1920537948608398
joint_particular_adaptation,8192,7,14.0,3,0.17399946848551429,0.0006808038339921778,0.1730375289916992,0.1745157241821289
joint_particular_adaptation,8192,7,16.0,3,0.16195170084635413,0.00023824855251897674,0.161722183227539,0.1622800827026367
joint_particular_adaptation,8192,7,18.0,3,0.15442911783854163,0.0010269569401922664,0.1535310745239257,0.1558666229248047
joint_particular_adaptation,8192,7,20.0,3,0.14893976847330725,9.308087149902924e-05,0.1488628387451172,0.1490707397460937
