source_pdp,target_pdp,seed,strategy,adaptation_blocks,epochs,update_steps,learning_rate,ebno_linear,test_batches,trainable_parameters,trainable_layers,source_ber_before,source_ber_after,target_ber_before,target_ber_after,target_absolute_improvement,source_ber_change,changed_weight_tensors,restored_checkpoint,first_training_loss,last_training_loss
0,4,2026,no_adaptation,2048,0,0,0.0,20.0,100,0,,0.04580718994140625,0.04580718994140625,0.2833251953125,0.2833251953125,0.0,0.0,0,/mnt/d/IC/project/code/wireless_pdp_project/outputs/checkpoints/model_trained_on_PDP0/ckpt-1,,
0,4,2026,dense_head,2048,20,80,0.0001,20.0,100,44940,channel_est_dense_1; estimated_channel,0.04580718994140625,0.08248138427734375,0.2833251953125,0.288302001953125,-0.004976806640624998,0.0366741943359375,4,/mnt/d/IC/project/code/wireless_pdp_project/outputs/checkpoints/model_trained_on_PDP0/ckpt-1,0.9667524695396423,0.6990855932235718
0,4,2026,channel_extractor,2048,20,80,0.0001,20.0,100,177295,channel_est_conv_1; channel_est_conv_2; channel_est_conv_3; channel_est_conv_4; channel_est_conv_5; channel_est_dense_1; estimated_channel,0.04580718994140625,0.08879684448242188,0.2833251953125,0.28321060180664065,0.00011459350585935058,0.04298965454101563,14,/mnt/d/IC/project/code/wireless_pdp_project/outputs/checkpoints/model_trained_on_PDP0/ckpt-1,0.9667524695396423,0.560482382774353
0,4,2026,decoder_conv1,2048,20,80,0.0001,20.0,100,102656,decoder_conv_1,0.04580718994140625,0.08364852905273437,0.2833251953125,0.24949722290039061,0.033827972412109386,0.03784133911132812,2,/mnt/d/IC/project/code/wireless_pdp_project/outputs/checkpoints/model_trained_on_PDP0/ckpt-1,0.9667524695396423,0.5438526272773743
0,4,2026,full_finetune,2048,20,80,0.0001,20.0,100,813202,encoder_conv_1; encoder_conv_2; encoder_conv_3; encoder_conv_4; channel_est_conv_1; channel_est_conv_2; channel_est_conv_3; channel_est_conv_4; channel_est_conv_5; channel_est_dense_1; estimated_channel; decoder_conv_1; decoder_res1_input; decoder_res1_conv1; decoder_res1_conv2; decoder_res2_input; decoder_res2_conv1; decoder_res2_conv2; decoder_conv_final; pred_logits_full,0.04580718994140625,0.09934799194335937,0.2833251953125,0.20383621215820313,0.07948898315429687,0.053540802001953124,40,/mnt/d/IC/project/code/wireless_pdp_project/outputs/checkpoints/model_trained_on_PDP0/ckpt-1,0.9667524695396423,0.4237707853317261
0,4,2026,scratch,2048,20,80,0.0001,20.0,100,813202,encoder_conv_1; encoder_conv_2; encoder_conv_3; encoder_conv_4; channel_est_conv_1; channel_est_conv_2; channel_est_conv_3; channel_est_conv_4; channel_est_conv_5; channel_est_dense_1; estimated_channel; decoder_conv_1; decoder_res1_input; decoder_res1_conv1; decoder_res1_conv2; decoder_res2_input; decoder_res2_conv1; decoder_res2_conv2; decoder_conv_final; pred_logits_full,0.5003425598144531,0.42605300903320314,0.5013410949707031,0.30321823120117186,0.19812286376953125,-0.07428955078124994,40,,0.6935115456581116,0.5701931715011597
0,4,2027,no_adaptation,2048,0,0,0.0,20.0,100,0,,0.0460162353515625,0.0460162353515625,0.28275619506835936,0.28275619506835936,0.0,0.0,0,/mnt/d/IC/project/code/wireless_pdp_project/outputs/checkpoints/model_trained_on_PDP0/ckpt-1,,
0,4,2027,dense_head,2048,20,80,0.0001,20.0,100,44940,channel_est_dense_1; estimated_channel,0.0460162353515625,0.08171157836914063,0.28275619506835936,0.28680755615234377,-0.004051361083984406,0.03569534301757813,4,/mnt/d/IC/project/code/wireless_pdp_project/outputs/checkpoints/model_trained_on_PDP0/ckpt-1,1.0009305477142334,0.6728336811065674
0,4,2027,channel_extractor,2048,20,80,0.0001,20.0,100,177295,channel_est_conv_1; channel_est_conv_2; channel_est_conv_3; channel_est_conv_4; channel_est_conv_5; channel_est_dense_1; estimated_channel,0.0460162353515625,0.08901641845703125,0.28275619506835936,0.283021240234375,-0.00026504516601566497,0.04300018310546875,14,/mnt/d/IC/project/code/wireless_pdp_project/outputs/checkpoints/model_trained_on_PDP0/ckpt-1,1.0009305477142334,0.5519460439682007
0,4,2027,decoder_conv1,2048,20,80,0.0001,20.0,100,102656,decoder_conv_1,0.0460162353515625,0.0831744384765625,0.28275619506835936,0.2497833251953125,0.03297286987304687,0.037158203125000004,2,/mnt/d/IC/project/code/wireless_pdp_project/outputs/checkpoints/model_trained_on_PDP0/ckpt-1,1.0009305477142334,0.5286877155303955
0,4,2027,full_finetune,2048,20,80,0.0001,20.0,100,813202,encoder_conv_1; encoder_conv_2; encoder_conv_3; encoder_conv_4; channel_est_conv_1; channel_est_conv_2; channel_est_conv_3; channel_est_conv_4; channel_est_conv_5; channel_est_dense_1; estimated_channel; decoder_conv_1; decoder_res1_input; decoder_res1_conv1; decoder_res1_conv2; decoder_res2_input; decoder_res2_conv1; decoder_res2_conv2; decoder_conv_final; pred_logits_full,0.0460162353515625,0.09754684448242187,0.28275619506835936,0.20373184204101563,0.07902435302734373,0.05153060913085938,40,/mnt/d/IC/project/code/wireless_pdp_project/outputs/checkpoints/model_trained_on_PDP0/ckpt-1,1.0009305477142334,0.4142351746559143
0,4,2027,scratch,2048,20,80,0.0001,20.0,100,813202,encoder_conv_1; encoder_conv_2; encoder_conv_3; encoder_conv_4; channel_est_conv_1; channel_est_conv_2; channel_est_conv_3; channel_est_conv_4; channel_est_conv_5; channel_est_dense_1; estimated_channel; decoder_conv_1; decoder_res1_input; decoder_res1_conv1; decoder_res1_conv2; decoder_res2_input; decoder_res2_conv1; decoder_res2_conv2; decoder_conv_final; pred_logits_full,0.49981964111328125,0.41892074584960937,0.5001324462890625,0.3008087158203125,0.19932373046875002,-0.08089889526367189,40,,0.6932117938995361,0.5673292875289917
0,4,2028,no_adaptation,2048,0,0,0.0,20.0,100,0,,0.046025390625,0.046025390625,0.2824586486816406,0.2824586486816406,0.0,0.0,0,/mnt/d/IC/project/code/wireless_pdp_project/outputs/checkpoints/model_trained_on_PDP0/ckpt-1,,
0,4,2028,dense_head,2048,20,80,0.0001,20.0,100,44940,channel_est_dense_1; estimated_channel,0.046025390625,0.08194656372070312,0.2824586486816406,0.2865545654296875,-0.0040959167480468794,0.03592117309570312,4,/mnt/d/IC/project/code/wireless_pdp_project/outputs/checkpoints/model_trained_on_PDP0/ckpt-1,0.9786391258239746,0.678378701210022
0,4,2028,channel_extractor,2048,20,80,0.0001,20.0,100,177295,channel_est_conv_1; channel_est_conv_2; channel_est_conv_3; channel_est_conv_4; channel_est_conv_5; channel_est_dense_1; estimated_channel,0.046025390625,0.08987167358398437,0.2824586486816406,0.28143035888671875,0.0010282897949218661,0.04384628295898437,14,/mnt/d/IC/project/code/wireless_pdp_project/outputs/checkpoints/model_trained_on_PDP0/ckpt-1,0.9786391258239746,0.5481734275817871
0,4,2028,decoder_conv1,2048,20,80,0.0001,20.0,100,102656,decoder_conv_1,0.046025390625,0.08379150390625,0.2824586486816406,0.24855194091796876,0.033906707763671856,0.03776611328124999,2,/mnt/d/IC/project/code/wireless_pdp_project/outputs/checkpoints/model_trained_on_PDP0/ckpt-1,0.9786391258239746,0.5267757177352905
0,4,2028,full_finetune,2048,20,80,0.0001,20.0,100,813202,encoder_conv_1; encoder_conv_2; encoder_conv_3; encoder_conv_4; channel_est_conv_1; channel_est_conv_2; channel_est_conv_3; channel_est_conv_4; channel_est_conv_5; channel_est_dense_1; estimated_channel; decoder_conv_1; decoder_res1_input; decoder_res1_conv1; decoder_res1_conv2; decoder_res2_input; decoder_res2_conv1; decoder_res2_conv2; decoder_conv_final; pred_logits_full,0.046025390625,0.09598190307617188,0.2824586486816406,0.20196929931640625,0.08048934936523436,0.04995651245117188,40,/mnt/d/IC/project/code/wireless_pdp_project/outputs/checkpoints/model_trained_on_PDP0/ckpt-1,0.9786391258239746,0.41366279125213623
0,4,2028,scratch,2048,20,80,0.0001,20.0,100,813202,encoder_conv_1; encoder_conv_2; encoder_conv_3; encoder_conv_4; channel_est_conv_1; channel_est_conv_2; channel_est_conv_3; channel_est_conv_4; channel_est_conv_5; channel_est_dense_1; estimated_channel; decoder_conv_1; decoder_res1_input; decoder_res1_conv1; decoder_res1_conv2; decoder_res2_input; decoder_res2_conv1; decoder_res2_conv2; decoder_conv_final; pred_logits_full,0.5002099609375,0.42403167724609375,0.4999444580078125,0.29932464599609376,0.20061981201171875,-0.07617828369140628,40,,0.6932136416435242,0.563435435295105
